,Mouse ID,Drug Regimen,Sex,Age_months,Weight (g),Timepoint,Tumor Volume (mm3),Metastatic Sites
0,s185,Capomulin,Female,3,17,0,45.0,0
1,s185,Capomulin,Female,3,17,5,43.87849569,0
2,s185,Capomulin,Female,3,17,10,37.61494768,0
3,s185,Capomulin,Female,3,17,15,38.17723195,0
4,s185,Capomulin,Female,3,17,20,36.86687576,0
5,s185,Capomulin,Female,3,17,25,33.94994037,0
6,s185,Capomulin,Female,3,17,30,32.95967078,1
7,s185,Capomulin,Female,3,17,35,28.32853059,1
8,s185,Capomulin,Female,3,17,40,25.47214326,1
9,s185,Capomulin,Female,3,17,45,23.34359787,1
10,x401,Capomulin,Female,16,15,0,45.0,0
11,x401,Capomulin,Female,16,15,5,45.47375302,0
12,x401,Capomulin,Female,16,15,10,39.11389068,0
13,x401,Capomulin,Female,16,15,15,39.77625003,0
14,x401,Capomulin,Female,16,15,20,36.06583471,0
15,x401,Capomulin,Female,16,15,25,36.61712031,0
16,x401,Capomulin,Female,16,15,30,32.91529186,0
17,x401,Capomulin,Female,16,15,35,30.20682488,0
18,x401,Capomulin,Female,16,15,40,28.16739732,0
19,x401,Capomulin,Female,16,15,45,28.48403281,0
20,m601,Capomulin,Male,22,17,0,45.0,0
21,m601,Capomulin,Male,22,17,5,41.40859145,1
22,m601,Capomulin,Male,22,17,10,36.82536664,1
23,m601,Capomulin,Male,22,17,15,35.46461175,1
24,m601,Capomulin,Male,22,17,20,34.255731700000005,1
25,m601,Capomulin,Male,22,17,25,33.11875607,1
26,m601,Capomulin,Male,22,17,30,31.75827491,1
27,m601,Capomulin,Male,22,17,35,30.83435704,1
28,m601,Capomulin,Male,22,17,40,31.378045299999997,1
29,m601,Capomulin,Male,22,17,45,28.43096411,1
30,f966,Capomulin,Male,16,17,0,45.0,0
31,f966,Capomulin,Male,16,17,5,38.79647373,0
32,f966,Capomulin,Male,16,17,10,35.6244027,0
33,f966,Capomulin,Male,16,17,15,32.62300253,0
34,f966,Capomulin,Male,16,17,20,30.48598484,0
35,u364,Capomulin,Male,18,17,0,45.0,0
36,u364,Capomulin,Male,18,17,5,45.76088647,1
37,u364,Capomulin,Male,18,17,10,46.56841719,2
38,u364,Capomulin,Male,18,17,15,47.21219992,2
39,u364,Capomulin,Male,18,17,20,40.34394812,2
40,u364,Capomulin,Male,18,17,25,35.50361557,2
41,u364,Capomulin,Male,18,17,30,35.9783344,2
42,u364,Capomulin,Male,18,17,35,35.45948978,2
43,u364,Capomulin,Male,18,17,40,36.02413752,2
44,u364,Capomulin,Male,18,17,45,31.02392294,3
45,y793,Capomulin,Male,17,17,0,45.0,0
46,y793,Capomulin,Male,17,17,5,41.01991315,0
47,y793,Capomulin,Male,17,17,10,41.63001026,1
48,y793,Capomulin,Male,17,17,15,42.28366512,1
49,y793,Capomulin,Male,17,17,20,40.71642815,2
50,y793,Capomulin,Male,17,17,25,38.9927339,2
51,y793,Capomulin,Male,17,17,30,35.72602314,2
52,y793,Capomulin,Male,17,17,35,36.3278696,2
53,y793,Capomulin,Male,17,17,40,31.47541076,2
54,y793,Capomulin,Male,17,17,45,31.896238399999998,2
55,r554,Capomulin,Female,8,17,0,45.0,0
56,r554,Capomulin,Female,8,17,5,45.78174579,1
57,r554,Capomulin,Female,8,17,10,39.0054935,2
58,r554,Capomulin,Female,8,17,15,35.46375763,2
59,r554,Capomulin,Female,8,17,20,36.01558858,2
60,r554,Capomulin,Female,8,17,25,33.89334515,3
61,r554,Capomulin,Female,8,17,30,32.68065459,3
62,r554,Capomulin,Female,8,17,35,33.06933705,3
63,r554,Capomulin,Female,8,17,40,31.80484133,3
64,r554,Capomulin,Female,8,17,45,32.37735684,3
65,m957,Capomulin,Female,3,19,0,45.0,0
66,m957,Capomulin,Female,3,19,5,45.62238149,1
67,m957,Capomulin,Female,3,19,10,46.414517700000005,1
68,m957,Capomulin,Female,3,19,15,39.80445341,1
69,m957,Capomulin,Female,3,19,20,38.90934919,1
70,m957,Capomulin,Female,3,19,25,37.69543154,1
71,m957,Capomulin,Female,3,19,30,38.21247939,1
72,m957,Capomulin,Female,3,19,35,32.56283914,1
73,m957,Capomulin,Female,3,19,40,32.94761484,1
74,m957,Capomulin,Female,3,19,45,33.32909778,1
75,t565,Capomulin,Female,20,17,0,45.0,0
76,t565,Capomulin,Female,20,17,5,45.8956472,0
77,t565,Capomulin,Female,20,17,10,46.74900552,0
78,t565,Capomulin,Female,20,17,15,44.44094861,0
79,t565,Capomulin,Female,20,17,20,39.0702138,0
80,t565,Capomulin,Female,20,17,25,37.34220976,0
81,t565,Capomulin,Female,20,17,30,32.86891617,0
82,t565,Capomulin,Female,20,17,35,33.51567063,0
83,t565,Capomulin,Female,20,17,40,33.94934131,0
84,t565,Capomulin,Female,20,17,45,34.45529799,0
85,i738,Capomulin,Female,23,20,0,45.0,0
86,i738,Capomulin,Female,23,20,5,45.59568527,0
87,i738,Capomulin,Female,23,20,10,43.42101414,0
88,i738,Capomulin,Female,23,20,15,37.97877782,0
89,i738,Capomulin,Female,23,20,20,38.53113634,0
90,i738,Capomulin,Female,23,20,25,34.97343761,0
91,i738,Capomulin,Female,23,20,30,35.57877987,1
92,i738,Capomulin,Female,23,20,35,36.17595269,1
93,i738,Capomulin,Female,23,20,40,36.84389799,2
94,i738,Capomulin,Female,23,20,45,37.31184577,2
95,w914,Capomulin,Male,24,21,0,45.0,0
96,w914,Capomulin,Male,24,21,5,45.89372032,0
97,w914,Capomulin,Male,24,21,10,43.23196275,0
98,w914,Capomulin,Male,24,21,15,43.68844893,0
99,w914,Capomulin,Male,24,21,20,41.10809233,0
100,w914,Capomulin,Male,24,21,25,40.29191661,0
101,w914,Capomulin,Male,24,21,30,40.99311013,0
102,w914,Capomulin,Male,24,21,35,41.66491577,1
103,w914,Capomulin,Male,24,21,40,35.61130861,2
104,w914,Capomulin,Male,24,21,45,36.04104736,2
105,g288,Capomulin,Male,3,19,0,45.0,0
106,g288,Capomulin,Male,3,19,5,45.83939976,0
107,g288,Capomulin,Male,3,19,10,46.30400254,1
108,g288,Capomulin,Male,3,19,15,42.17230079,1
109,g288,Capomulin,Male,3,19,20,42.95712001,1
110,g288,Capomulin,Male,3,19,25,42.36869239,1
111,g288,Capomulin,Male,3,19,30,42.87446056,1
112,g288,Capomulin,Male,3,19,35,38.95411458,1
113,g288,Capomulin,Male,3,19,40,36.35685121,1
114,g288,Capomulin,Male,3,19,45,37.07402422,1
115,l897,Capomulin,Male,17,19,0,45.0,0
116,l897,Capomulin,Male,17,19,5,45.46224327,0
117,l897,Capomulin,Male,17,19,10,46.15473721,0
118,l897,Capomulin,Male,17,19,15,44.0615214,0
119,l897,Capomulin,Male,17,19,20,44.81309343,0
120,l897,Capomulin,Male,17,19,25,45.35467916,0
121,l897,Capomulin,Male,17,19,30,39.35279201,1
122,l897,Capomulin,Male,17,19,35,37.68276664,1
123,l897,Capomulin,Male,17,19,40,38.34390154,1
124,l897,Capomulin,Male,17,19,45,38.84687569,1
125,b742,Capomulin,Male,7,21,0,45.0,0
126,b742,Capomulin,Male,7,21,5,41.53409702,0
127,b742,Capomulin,Male,7,21,10,41.99922813,0
128,b742,Capomulin,Male,7,21,15,39.52484301,0
129,b742,Capomulin,Male,7,21,20,37.95035546,0
130,b742,Capomulin,Male,7,21,25,38.61768433,0
131,b742,Capomulin,Male,7,21,30,39.1679495,0
132,b742,Capomulin,Male,7,21,35,39.84757556,0
133,b742,Capomulin,Male,7,21,40,38.255627399999995,0
134,b742,Capomulin,Male,7,21,45,38.93963263,0
135,b128,Capomulin,Female,9,22,0,45.0,0
136,b128,Capomulin,Female,9,22,5,45.65133131,0
137,b128,Capomulin,Female,9,22,10,43.2708519,0
138,b128,Capomulin,Female,9,22,15,43.78489343,0
139,b128,Capomulin,Female,9,22,20,42.731552,0
140,b128,Capomulin,Female,9,22,25,43.26214483,1
141,b128,Capomulin,Female,9,22,30,40.60533486,1
142,b128,Capomulin,Female,9,22,35,37.96764437,1
143,b128,Capomulin,Female,9,22,40,38.3797259,2
144,b128,Capomulin,Female,9,22,45,38.98287774,2
145,j246,Capomulin,Female,21,21,0,45.0,0
146,j246,Capomulin,Female,21,21,5,45.64143788,0
147,j246,Capomulin,Female,21,21,10,46.408361299999996,0
148,j246,Capomulin,Female,21,21,15,43.31265415,0
149,j246,Capomulin,Female,21,21,20,44.02037009,0
150,j246,Capomulin,Female,21,21,25,44.55522595,0
151,j246,Capomulin,Female,21,21,30,38.04408202,1
152,j246,Capomulin,Female,21,21,35,38.75326548,1
153,j119,Capomulin,Female,7,23,0,45.0,0
154,j119,Capomulin,Female,7,23,5,45.83899787,0
155,j119,Capomulin,Female,7,23,10,46.42536551,0
156,j119,Capomulin,Female,7,23,15,47.32298428,0
157,j119,Capomulin,Female,7,23,20,48.15820939,1
158,j119,Capomulin,Female,7,23,25,42.41716589,1
159,j119,Capomulin,Female,7,23,30,43.01368114,1
160,j119,Capomulin,Female,7,23,35,43.76570537,1
161,j119,Capomulin,Female,7,23,40,44.5850896,1
162,j119,Capomulin,Female,7,23,45,38.125164399999996,1
163,w150,Capomulin,Male,23,23,0,45.0,0
164,w150,Capomulin,Male,23,23,5,39.20212894,0
165,w150,Capomulin,Male,23,23,10,39.95234669,0
166,v923,Capomulin,Female,19,21,0,45.0,0
167,v923,Capomulin,Female,19,21,5,45.70443431,0
168,v923,Capomulin,Female,19,21,10,39.84822328,0
169,v923,Capomulin,Female,19,21,15,40.45798877,0
170,v923,Capomulin,Female,19,21,20,39.64829568,0
171,v923,Capomulin,Female,19,21,25,40.15641269,1
172,v923,Capomulin,Female,19,21,30,40.75221626,2
173,v923,Capomulin,Female,19,21,35,41.43924156,2
174,v923,Capomulin,Female,19,21,40,42.1510148,2
175,v923,Capomulin,Female,19,21,45,40.65812366,2
176,g316,Capomulin,Female,22,22,0,45.0,0
177,g316,Capomulin,Female,22,22,5,44.02275246,0
178,g316,Capomulin,Female,22,22,10,44.50204246,0
179,g316,Capomulin,Female,22,22,15,45.21674299,0
180,g316,Capomulin,Female,22,22,20,45.93332219,1
181,g316,Capomulin,Female,22,22,25,46.80922469,1
182,g316,Capomulin,Female,22,22,30,44.22147988,2
183,g316,Capomulin,Female,22,22,35,44.70283296,2
184,g316,Capomulin,Female,22,22,40,45.56582103,2
185,g316,Capomulin,Female,22,22,45,40.1592203,2
186,s710,Capomulin,Female,1,23,0,45.0,0
187,s710,Capomulin,Female,1,23,5,43.180977399999996,0
188,s710,Capomulin,Female,1,23,10,43.68802627,0
189,s710,Capomulin,Female,1,23,15,41.84523536,0
190,s710,Capomulin,Female,1,23,20,42.62996266,1
191,s710,Capomulin,Female,1,23,25,43.06040875,1
192,s710,Capomulin,Female,1,23,30,43.57170323,1
193,s710,Capomulin,Female,1,23,35,44.16051879,1
194,s710,Capomulin,Female,1,23,40,40.17192011,1
195,s710,Capomulin,Female,1,23,45,40.72857787,1
196,l509,Capomulin,Male,17,21,0,45.0,0
197,l509,Capomulin,Male,17,21,5,45.85119285,0
198,l509,Capomulin,Male,17,21,10,46.75907363,0
199,l509,Capomulin,Male,17,21,15,47.48859931,1
200,l509,Capomulin,Male,17,21,20,48.07045162,2
201,l509,Capomulin,Male,17,21,25,44.00625702,2
202,l509,Capomulin,Male,17,21,30,44.70805473,2
203,l509,Capomulin,Male,17,21,35,40.207288500000004,2
204,l509,Capomulin,Male,17,21,40,40.77081259,2
205,l509,Capomulin,Male,17,21,45,41.48300765,3
206,r944,Capomulin,Male,12,25,0,45.0,0
207,r944,Capomulin,Male,12,25,5,45.73714484,0
208,r944,Capomulin,Male,12,25,10,46.54429202,0
209,r944,Capomulin,Male,12,25,15,47.37342325,0
210,r944,Capomulin,Male,12,25,20,43.22567119,1
211,r944,Capomulin,Male,12,25,25,41.08699106,1
212,r944,Capomulin,Male,12,25,30,41.68079111,1
213,r944,Capomulin,Male,12,25,35,40.40176542,2
214,r944,Capomulin,Male,12,25,40,41.04204489999999,2
215,r944,Capomulin,Male,12,25,45,41.58152074,2
216,i557,Capomulin,Female,1,24,0,45.0,0
217,i557,Capomulin,Female,1,24,5,42.2616653,0
218,i557,Capomulin,Female,1,24,10,42.99207658,0
219,i557,Capomulin,Female,1,24,15,43.529875700000005,0
220,i557,Capomulin,Female,1,24,20,43.96789516,0
221,i557,Capomulin,Female,1,24,25,44.59621854,0
222,i557,Capomulin,Female,1,24,30,45.26138381,0
223,i557,Capomulin,Female,1,24,35,45.94194901,0
224,i557,Capomulin,Female,1,24,40,46.82106972,1
225,i557,Capomulin,Female,1,24,45,47.68596303,1
226,r157,Capomulin,Male,22,25,0,45.0,0
227,r157,Capomulin,Male,22,25,5,45.59706359,0
228,r157,Capomulin,Male,22,25,10,46.05960827,0
229,r157,Capomulin,Male,22,25,15,46.53920617,0
230,a275,Ceftamin,Female,20,28,0,45.0,0
231,a275,Ceftamin,Female,20,28,5,46.79525728,0
232,a275,Ceftamin,Female,20,28,10,47.37134328,0
233,a275,Ceftamin,Female,20,28,15,49.73440359,0
234,a275,Ceftamin,Female,20,28,20,50.51343652,1
235,a275,Ceftamin,Female,20,28,25,53.57606417,1
236,a275,Ceftamin,Female,20,28,30,54.44471317,2
237,a275,Ceftamin,Female,20,28,35,56.35353804,2
238,a275,Ceftamin,Female,20,28,40,60.92153868,3
239,a275,Ceftamin,Female,20,28,45,62.99935619,3
240,b447,Ceftamin,Male,2,30,0,45.0,0
241,b487,Ceftamin,Female,6,28,0,45.0,0
242,b487,Ceftamin,Female,6,28,5,46.21397739,0
243,b487,Ceftamin,Female,6,28,10,47.664387100000006,0
244,b487,Ceftamin,Female,6,28,15,51.68325586,0
245,b487,Ceftamin,Female,6,28,20,53.42766344,0
246,b487,Ceftamin,Female,6,28,25,56.05774909,1
247,b759,Ceftamin,Female,12,25,0,45.0,0
248,b759,Ceftamin,Female,12,25,5,48.00919049,0
249,b759,Ceftamin,Female,12,25,10,49.13335499,0
250,b759,Ceftamin,Female,12,25,15,51.58779906,0
251,b759,Ceftamin,Female,12,25,20,54.44303502,0
252,b759,Ceftamin,Female,12,25,25,55.08363235,0
253,b759,Ceftamin,Female,12,25,30,55.74282869,1
254,f436,Ceftamin,Female,3,25,0,45.0,0
255,f436,Ceftamin,Female,3,25,5,46.37079759,1
256,f436,Ceftamin,Female,3,25,10,48.14697758,2
257,f436,Ceftamin,Female,3,25,15,48.72207785,2
258,h531,Ceftamin,Male,5,27,0,45.0,0
259,h531,Ceftamin,Male,5,27,5,47.784681799999994,0
260,j296,Ceftamin,Female,24,30,0,45.0,0
261,j296,Ceftamin,Female,24,30,5,46.79925591,1
262,j296,Ceftamin,Female,24,30,10,48.52997762,2
263,j296,Ceftamin,Female,24,30,15,50.70127959,2
264,j296,Ceftamin,Female,24,30,20,54.00534209,3
265,j296,Ceftamin,Female,24,30,25,55.76714817,3
266,j296,Ceftamin,Female,24,30,30,56.80306121,3
267,j296,Ceftamin,Female,24,30,35,58.71448296,3
268,j296,Ceftamin,Female,24,30,40,60.07268848,3
269,j296,Ceftamin,Female,24,30,45,61.84902336,3
270,k210,Ceftamin,Male,15,28,0,45.0,0
271,k210,Ceftamin,Male,15,28,5,47.91899771,0
272,k210,Ceftamin,Male,15,28,10,49.37993231,0
273,k210,Ceftamin,Male,15,28,15,51.07355752,0
274,k210,Ceftamin,Male,15,28,20,51.99761855,0
275,k210,Ceftamin,Male,15,28,25,54.61397279,0
276,k210,Ceftamin,Male,15,28,30,59.98950976,1
277,k210,Ceftamin,Male,15,28,35,63.32933023,1
278,k210,Ceftamin,Male,15,28,40,66.62283628,2
279,k210,Ceftamin,Male,15,28,45,68.92318457,3
280,l471,Ceftamin,Female,7,28,0,45.0,0
281,l471,Ceftamin,Female,7,28,5,46.25187204,0
282,l471,Ceftamin,Female,7,28,10,48.18206306,0
283,l471,Ceftamin,Female,7,28,15,49.40687901,0
284,l471,Ceftamin,Female,7,28,20,52.22832698,0
285,l471,Ceftamin,Female,7,28,25,52.84755893,1
286,l471,Ceftamin,Female,7,28,30,58.09360446,1
287,l471,Ceftamin,Female,7,28,35,61.40599916,1
288,l471,Ceftamin,Female,7,28,40,63.84485785,1
289,l471,Ceftamin,Female,7,28,45,67.74866174,1
290,l490,Ceftamin,Male,24,26,0,45.0,0
291,l490,Ceftamin,Male,24,26,5,45.61253918,1
292,l490,Ceftamin,Male,24,26,10,47.25960594,1
293,l490,Ceftamin,Male,24,26,15,50.52481268,1
294,l490,Ceftamin,Male,24,26,20,51.90544699,1
295,l490,Ceftamin,Male,24,26,25,55.81003359,2
296,l490,Ceftamin,Male,24,26,30,57.91838132,3
297,l558,Ceftamin,Female,13,30,0,45.0,0
298,l558,Ceftamin,Female,13,30,5,45.80908882,0
299,l558,Ceftamin,Female,13,30,10,46.78453491,0
300,l661,Ceftamin,Male,18,26,0,45.0,0
301,l661,Ceftamin,Male,18,26,5,46.26879904,0
302,l661,Ceftamin,Male,18,26,10,49.68361956,0
303,l661,Ceftamin,Male,18,26,15,50.94754484,1
304,l661,Ceftamin,Male,18,26,20,52.61749003,1
305,l661,Ceftamin,Male,18,26,25,53.18065678,2
306,l661,Ceftamin,Male,18,26,30,55.32909936,2
307,l661,Ceftamin,Male,18,26,35,56.47412871,2
308,l661,Ceftamin,Male,18,26,40,59.20566876,3
309,l661,Ceftamin,Male,18,26,45,59.85195552,3
310,l733,Ceftamin,Female,4,30,0,45.0,0
311,l733,Ceftamin,Female,4,30,5,46.17422627,0
312,l733,Ceftamin,Female,4,30,10,48.35495154,0
313,l733,Ceftamin,Female,4,30,15,49.28519504,0
314,l733,Ceftamin,Female,4,30,20,53.24431157,1
315,l733,Ceftamin,Female,4,30,25,54.95166826,1
316,l733,Ceftamin,Female,4,30,30,56.31906537,1
317,l733,Ceftamin,Female,4,30,35,57.60079774,1
318,l733,Ceftamin,Female,4,30,40,59.44350649999999,1
319,l733,Ceftamin,Female,4,30,45,64.29983003,1
320,o287,Ceftamin,Male,2,28,0,45.0,0
321,o287,Ceftamin,Male,2,28,5,45.58680362,0
322,o287,Ceftamin,Male,2,28,10,47.36020084,1
323,o287,Ceftamin,Male,2,28,15,48.67945261,1
324,o287,Ceftamin,Male,2,28,20,50.85614078,2
325,o287,Ceftamin,Male,2,28,25,52.06848642,3
326,o287,Ceftamin,Male,2,28,30,54.50300122,3
327,o287,Ceftamin,Male,2,28,35,55.11829029,4
328,o287,Ceftamin,Male,2,28,40,57.1971929,4
329,o287,Ceftamin,Male,2,28,45,59.74190064,4
330,p438,Ceftamin,Female,11,26,0,45.0,0
331,p438,Ceftamin,Female,11,26,5,46.82793418,0
332,p438,Ceftamin,Female,11,26,10,50.51749789,0
333,p438,Ceftamin,Female,11,26,15,52.19836818,0
334,p438,Ceftamin,Female,11,26,20,52.90529861,0
335,p438,Ceftamin,Female,11,26,25,54.51057493,0
336,p438,Ceftamin,Female,11,26,30,56.40642173,0
337,p438,Ceftamin,Female,11,26,35,57.53855546,1
338,p438,Ceftamin,Female,11,26,40,59.30528806,1
339,p438,Ceftamin,Female,11,26,45,61.43389223,1
340,q483,Ceftamin,Male,6,26,0,45.0,0
341,q483,Ceftamin,Male,6,26,5,46.77681624,1
342,q483,Ceftamin,Male,6,26,10,47.8391005,1
343,q483,Ceftamin,Male,6,26,15,48.4684826,1
344,q483,Ceftamin,Male,6,26,20,50.239855799999994,1
345,q483,Ceftamin,Male,6,26,25,52.43006649,1
346,q483,Ceftamin,Male,6,26,30,54.95222585,1
347,q483,Ceftamin,Male,6,26,35,59.25348433,1
348,q483,Ceftamin,Male,6,26,40,64.19234114,1
349,t573,Ceftamin,Female,15,27,0,45.0,0
350,u149,Ceftamin,Male,24,29,0,45.0,0
351,u149,Ceftamin,Male,24,29,5,45.79206792,0
352,u149,Ceftamin,Male,24,29,10,47.40483439,0
353,u149,Ceftamin,Male,24,29,15,48.52237343,0
354,u149,Ceftamin,Male,24,29,20,50.37805789,0
355,u149,Ceftamin,Male,24,29,25,52.92534846,0
356,u153,Ceftamin,Female,11,25,0,45.0,0
357,w151,Ceftamin,Male,24,25,0,45.0,0
358,w151,Ceftamin,Male,24,25,5,45.54607595,1
359,w151,Ceftamin,Male,24,25,10,46.50147609,1
360,w151,Ceftamin,Male,24,25,15,47.24292865,1
361,w151,Ceftamin,Male,24,25,20,49.55426295,2
362,w151,Ceftamin,Male,24,25,25,51.869058700000004,2
363,w151,Ceftamin,Male,24,25,30,56.76715821,2
364,w151,Ceftamin,Male,24,25,35,58.33914095,2
365,w151,Ceftamin,Male,24,25,40,62.18795039,2
366,w151,Ceftamin,Male,24,25,45,67.52748237,3
367,x226,Ceftamin,Male,23,28,0,45.0,0
368,x581,Ceftamin,Female,19,28,0,45.0,0
369,x581,Ceftamin,Female,19,28,5,47.1969266,0
370,x581,Ceftamin,Female,19,28,10,49.06702788,1
371,x581,Ceftamin,Female,19,28,15,49.74642744,2
372,x581,Ceftamin,Female,19,28,20,51.20796943,3
373,x581,Ceftamin,Female,19,28,25,51.93528318,3
374,x581,Ceftamin,Female,19,28,30,55.49282602,3
375,x581,Ceftamin,Female,19,28,35,58.07758293,3
376,x581,Ceftamin,Female,19,28,40,60.28040549,3
377,x581,Ceftamin,Female,19,28,45,64.63494887,3
378,x822,Ceftamin,Male,3,29,0,45.0,0
379,x822,Ceftamin,Male,3,29,5,45.67110442,1
380,x822,Ceftamin,Male,3,29,10,48.98371668,1
381,x822,Ceftamin,Male,3,29,15,49.69466533,1
382,x822,Ceftamin,Male,3,29,20,51.91490968,2
383,x822,Ceftamin,Male,3,29,25,54.04133326,2
384,x822,Ceftamin,Male,3,29,30,55.44515483,2
385,x822,Ceftamin,Male,3,29,35,56.79656665,2
386,x822,Ceftamin,Male,3,29,40,59.55568466,2
387,x822,Ceftamin,Male,3,29,45,61.38666032,3
388,y769,Ceftamin,Female,6,27,0,45.0,0
389,y769,Ceftamin,Female,6,27,5,46.42265176,1
390,y769,Ceftamin,Female,6,27,10,48.01516261,1
391,y769,Ceftamin,Female,6,27,15,52.76102114,2
392,y769,Ceftamin,Female,6,27,20,55.02572434,2
393,y769,Ceftamin,Female,6,27,25,58.33595901,3
394,y769,Ceftamin,Female,6,27,30,61.07194886,3
395,y769,Ceftamin,Female,6,27,35,63.43063221,3
396,y769,Ceftamin,Female,6,27,40,64.25102761,4
397,y769,Ceftamin,Female,6,27,45,68.59474498,4
398,y865,Ceftamin,Male,23,26,0,45.0,0
399,y865,Ceftamin,Male,23,26,5,46.73500592,1
400,y865,Ceftamin,Male,23,26,10,49.52273955,1
401,y865,Ceftamin,Male,23,26,15,50.80651856,1
402,y865,Ceftamin,Male,23,26,20,52.36198241,1
403,y865,Ceftamin,Male,23,26,25,57.17353846,2
404,y865,Ceftamin,Male,23,26,30,59.0332753,3
405,y865,Ceftamin,Male,23,26,35,61.15313991,3
406,y865,Ceftamin,Male,23,26,40,63.46954946,3
407,y865,Ceftamin,Male,23,26,45,64.72983655,3
408,a203,Infubinol,Female,20,23,0,45.0,0
409,a203,Infubinol,Female,20,23,5,48.5084684,0
410,a203,Infubinol,Female,20,23,10,51.852437200000004,1
411,a203,Infubinol,Female,20,23,15,52.7778705,1
412,a203,Infubinol,Female,20,23,20,55.17333648,1
413,a203,Infubinol,Female,20,23,25,56.79320832,1
414,a203,Infubinol,Female,20,23,30,59.52319728,1
415,a203,Infubinol,Female,20,23,35,61.93165007,2
416,a203,Infubinol,Female,20,23,40,63.59349002,2
417,a203,Infubinol,Female,20,23,45,67.97341878,2
418,a251,Infubinol,Female,21,25,0,45.0,0
419,a251,Infubinol,Female,21,25,5,46.98212719,0
420,a251,Infubinol,Female,21,25,10,48.59117901,1
421,a251,Infubinol,Female,21,25,15,50.53445603,1
422,a251,Infubinol,Female,21,25,20,54.46259376,1
423,a251,Infubinol,Female,21,25,25,57.41464570000001,1
424,a251,Infubinol,Female,21,25,30,59.86124129,1
425,a251,Infubinol,Female,21,25,35,60.90388455,1
426,a251,Infubinol,Female,21,25,40,63.09507565,1
427,a251,Infubinol,Female,21,25,45,65.52574285,1
428,a577,Infubinol,Female,6,25,0,45.0,0
429,a577,Infubinol,Female,6,25,5,46.197719899999996,1
430,a577,Infubinol,Female,6,25,10,49.5096389,1
431,a577,Infubinol,Female,6,25,15,50.91500662,2
432,a577,Infubinol,Female,6,25,20,52.36518457,2
433,a577,Infubinol,Female,6,25,25,54.38093154,2
434,a577,Infubinol,Female,6,25,30,57.03186187,2
435,a685,Infubinol,Male,8,30,0,45.0,0
436,a685,Infubinol,Male,8,30,5,46.87048256,0
437,a685,Infubinol,Male,8,30,10,47.66475264,0
438,a685,Infubinol,Male,8,30,15,48.95147442,0
439,a685,Infubinol,Male,8,30,20,49.49055902,0
440,a685,Infubinol,Male,8,30,25,51.93995092,0
441,a685,Infubinol,Male,8,30,30,55.45385519,1
442,a685,Infubinol,Male,8,30,35,58.09262925,1
443,a685,Infubinol,Male,8,30,40,60.56790371,2
444,a685,Infubinol,Male,8,30,45,66.08306589,3
445,c139,Infubinol,Male,11,28,0,45.0,0
446,c139,Infubinol,Male,11,28,5,48.75311208,0
447,c139,Infubinol,Male,11,28,10,49.99295391,0
448,c139,Infubinol,Male,11,28,15,51.8332246,0
449,c139,Infubinol,Male,11,28,20,56.74200681,0
450,c139,Infubinol,Male,11,28,25,61.46196976,0
451,c139,Infubinol,Male,11,28,30,64.14987077,1
452,c139,Infubinol,Male,11,28,35,67.82141969,1
453,c139,Infubinol,Male,11,28,40,69.42814095,2
454,c139,Infubinol,Male,11,28,45,72.2267309,2
455,c326,Infubinol,Female,18,25,0,45.0,0
456,c326,Infubinol,Female,18,25,5,36.321345799999996,0
457,c895,Infubinol,Female,7,29,0,45.0,0
458,c895,Infubinol,Female,7,29,5,45.47754399,0
459,c895,Infubinol,Female,7,29,10,49.77901542,0
460,c895,Infubinol,Female,7,29,15,52.94946474,1
461,c895,Infubinol,Female,7,29,20,53.67683960000001,2
462,c895,Infubinol,Female,7,29,25,57.53419288,2
463,c895,Infubinol,Female,7,29,30,60.96971133,2
464,e476,Infubinol,Male,23,26,0,45.0,0
465,e476,Infubinol,Male,23,26,5,47.11180113,0
466,e476,Infubinol,Male,23,26,10,49.43168536,0
467,e476,Infubinol,Male,23,26,15,54.04621267,0
468,e476,Infubinol,Male,23,26,20,55.24927296,0
469,e476,Infubinol,Male,23,26,25,57.408638,0
470,e476,Infubinol,Male,23,26,30,57.99279743,1
471,e476,Infubinol,Male,23,26,35,60.064340200000004,1
472,e476,Infubinol,Male,23,26,40,61.52527583,1
473,e476,Infubinol,Male,23,26,45,62.43540402,1
474,f345,Infubinol,Male,23,26,0,45.0,0
475,f345,Infubinol,Male,23,26,5,45.5911466,0
476,f345,Infubinol,Male,23,26,10,47.22244619,0
477,f345,Infubinol,Male,23,26,15,48.35223854,0
478,f345,Infubinol,Male,23,26,20,49.61338303,0
479,f345,Infubinol,Male,23,26,25,53.0788944,0
480,f345,Infubinol,Male,23,26,30,54.36379731,1
481,f345,Infubinol,Male,23,26,35,56.52332726,1
482,f345,Infubinol,Male,23,26,40,58.31559250000001,1
483,f345,Infubinol,Male,23,26,45,60.91876652,1
484,i386,Infubinol,Female,23,29,0,45.0,0
485,i386,Infubinol,Female,23,29,5,46.85369669,1
486,i386,Infubinol,Female,23,29,10,49.86154739,2
487,i386,Infubinol,Female,23,29,15,51.73656088,2
488,i386,Infubinol,Female,23,29,20,55.08772445,2
489,i386,Infubinol,Female,23,29,25,56.68786392,3
490,i386,Infubinol,Female,23,29,30,59.13364029,3
491,i386,Infubinol,Female,23,29,35,64.92542037,3
492,i386,Infubinol,Female,23,29,40,67.28962147,4
493,k483,Infubinol,Female,20,30,0,45.0,0
494,k483,Infubinol,Female,20,30,5,46.61105571,0
495,k483,Infubinol,Female,20,30,10,50.29604123,1
496,k483,Infubinol,Female,20,30,15,53.24445813,1
497,k483,Infubinol,Female,20,30,20,54.77896052,1
498,k483,Infubinol,Female,20,30,25,57.43200731,2
499,k483,Infubinol,Female,20,30,30,59.74707708,2
500,k483,Infubinol,Female,20,30,35,60.54156159,2
501,k483,Infubinol,Female,20,30,40,64.13872489,3
502,k483,Infubinol,Female,20,30,45,66.19691151,3
503,k804,Infubinol,Female,23,29,0,45.0,0
504,k804,Infubinol,Female,23,29,5,48.26620364,0
505,k804,Infubinol,Female,23,29,10,49.47124419,0
506,k804,Infubinol,Female,23,29,15,50.47761824,0
507,k804,Infubinol,Female,23,29,20,54.48451945,0
508,k804,Infubinol,Female,23,29,25,55.67480798,1
509,k804,Infubinol,Female,23,29,30,59.24061511,2
510,k804,Infubinol,Female,23,29,35,62.11727887,2
511,m756,Infubinol,Male,19,30,0,45.0,0
512,m756,Infubinol,Male,19,30,5,47.01036401,1
513,n671,Infubinol,Male,18,25,0,45.0,0
514,n671,Infubinol,Male,18,25,5,47.35388938,0
515,n671,Infubinol,Male,18,25,10,51.03935653,0
516,n671,Infubinol,Male,18,25,15,54.21606411,0
517,n671,Infubinol,Male,18,25,20,54.82252091,0
518,n671,Infubinol,Male,18,25,25,56.17445785,0
519,n671,Infubinol,Male,18,25,30,60.16518046,0
520,o809,Infubinol,Male,3,25,0,45.0,0
521,o809,Infubinol,Male,3,25,5,46.87724316,0
522,o809,Infubinol,Male,3,25,10,48.6707318,0
523,o809,Infubinol,Male,3,25,15,49.68344504,1
524,o809,Infubinol,Male,3,25,20,50.33655288,1
525,o809,Infubinol,Male,3,25,25,52.31817407,1
526,o809,Infubinol,Male,3,25,30,54.832628799999995,1
527,o809,Infubinol,Male,3,25,35,55.62942846,1
528,o813,Infubinol,Male,24,28,0,45.0,0
529,o813,Infubinol,Male,24,28,5,45.69933088,0
530,q132,Infubinol,Female,1,30,0,45.0,0
531,q132,Infubinol,Female,1,30,5,46.7163985,1
532,q132,Infubinol,Female,1,30,10,47.95384377,2
533,q132,Infubinol,Female,1,30,15,49.15974862,3
534,q132,Infubinol,Female,1,30,20,51.90902494,4
535,q132,Infubinol,Female,1,30,25,52.78048929999999,4
536,q132,Infubinol,Female,1,30,30,54.65654872,4
537,s121,Infubinol,Male,23,26,0,45.0,0
538,s121,Infubinol,Male,23,26,5,45.63566174,1
539,s121,Infubinol,Male,23,26,10,49.04883479,1
540,s121,Infubinol,Male,23,26,15,50.82456031,2
541,s121,Infubinol,Male,23,26,20,52.0050659,2
542,s121,Infubinol,Male,23,26,25,55.65068132,2
543,v339,Infubinol,Male,20,26,0,45.0,0
544,v339,Infubinol,Male,20,26,5,46.25011212,0
545,v719,Infubinol,Female,17,30,0,45.0,0
546,v719,Infubinol,Female,17,30,5,47.18836325,0
547,v719,Infubinol,Female,17,30,10,51.49705412,1
548,v719,Infubinol,Female,17,30,15,52.60910758,1
549,v719,Infubinol,Female,17,30,20,54.04860769,1
550,v766,Infubinol,Male,16,27,0,45.0,0
551,v766,Infubinol,Male,16,27,5,48.15125091,1
552,v766,Infubinol,Male,16,27,10,50.36310988,1
553,v766,Infubinol,Male,16,27,15,51.54243058,1
554,w193,Infubinol,Male,22,30,0,45.0,0
555,w193,Infubinol,Male,22,30,5,45.49385802,0
556,w193,Infubinol,Male,22,30,10,48.34655046,0
557,w193,Infubinol,Male,22,30,15,49.38557373,0
558,w193,Infubinol,Male,22,30,20,50.00513807,0
559,w584,Infubinol,Male,3,29,0,45.0,0
560,w584,Infubinol,Male,3,29,5,46.05193075,0
561,w584,Infubinol,Male,3,29,10,47.29850794,0
562,w584,Infubinol,Male,3,29,15,51.26543971,0
563,w584,Infubinol,Male,3,29,20,53.32350743,1
564,w584,Infubinol,Male,3,29,25,55.65083791,1
565,w584,Infubinol,Male,3,29,30,58.26844248,1
566,y163,Infubinol,Female,17,27,0,45.0,0
567,y163,Infubinol,Female,17,27,5,48.28497016,0
568,y163,Infubinol,Female,17,27,10,49.112399100000005,1
569,y163,Infubinol,Female,17,27,15,51.52306843,1
570,y163,Infubinol,Female,17,27,20,54.57107607,1
571,y163,Infubinol,Female,17,27,25,56.17638452,1
572,y163,Infubinol,Female,17,27,30,59.41253724,2
573,y163,Infubinol,Female,17,27,35,61.73019562,2
574,y163,Infubinol,Female,17,27,40,63.62067958,2
575,y163,Infubinol,Female,17,27,45,67.68556862,3
576,z581,Infubinol,Female,24,25,0,45.0,0
577,z581,Infubinol,Female,24,25,5,49.27309187,1
578,z581,Infubinol,Female,24,25,10,50.47875016,2
579,z581,Infubinol,Female,24,25,15,51.1963042,2
580,z581,Infubinol,Female,24,25,20,51.80794416,2
581,z581,Infubinol,Female,24,25,25,54.31640682,2
582,z581,Infubinol,Female,24,25,30,56.28674991,2
583,z581,Infubinol,Female,24,25,35,58.62839878,3
584,z581,Infubinol,Female,24,25,40,60.05373963,3
585,z581,Infubinol,Female,24,25,45,62.75445141,3
586,a457,Ketapril,Female,11,30,0,45.0,0
587,a457,Ketapril,Female,11,30,5,47.462891,0
588,a457,Ketapril,Female,11,30,10,49.78341894,0
589,c580,Ketapril,Male,22,25,0,45.0,0
590,c580,Ketapril,Male,22,25,5,46.62845479999999,0
591,c580,Ketapril,Male,22,25,10,47.57017382,1
592,c580,Ketapril,Male,22,25,15,51.991708,1
593,c580,Ketapril,Male,22,25,20,55.57532195,2
594,c580,Ketapril,Male,22,25,25,56.28906231,2
595,c580,Ketapril,Male,22,25,30,58.04656941,3
596,c819,Ketapril,Male,21,25,0,45.0,0
597,c819,Ketapril,Male,21,25,5,45.76924864,1
598,c819,Ketapril,Male,21,25,10,46.65839527,1
599,c819,Ketapril,Male,21,25,15,48.37099912,1
600,c819,Ketapril,Male,21,25,20,49.76241475,1
601,c819,Ketapril,Male,21,25,25,51.82835706,1
602,c819,Ketapril,Male,21,25,30,56.09899820000001,1
603,c819,Ketapril,Male,21,25,35,57.72953466,1
604,c819,Ketapril,Male,21,25,40,62.17570465,1
605,c832,Ketapril,Male,18,29,0,45.0,0
606,c832,Ketapril,Male,18,29,5,48.68546123,1
607,c832,Ketapril,Male,18,29,10,49.81141262,1
608,c832,Ketapril,Male,18,29,15,52.86453449,1
609,c832,Ketapril,Male,18,29,20,56.71023353,1
610,c832,Ketapril,Male,18,29,25,58.89181644,2
611,c832,Ketapril,Male,18,29,30,60.49637579,2
612,c832,Ketapril,Male,18,29,35,61.12448717,2
613,c832,Ketapril,Male,18,29,40,62.57231816,2
614,c832,Ketapril,Male,18,29,45,65.41595451,3
615,d474,Ketapril,Male,18,27,0,45.0,0
616,d474,Ketapril,Male,18,27,5,45.91835225,0
617,d474,Ketapril,Male,18,27,10,46.97496297,0
618,d474,Ketapril,Male,18,27,15,47.77793584,0
619,d474,Ketapril,Male,18,27,20,51.73149416,0
620,d474,Ketapril,Male,18,27,25,54.27932462,0
621,d474,Ketapril,Male,18,27,30,55.34134157,0
622,d474,Ketapril,Male,18,27,35,56.47911257,0
623,d474,Ketapril,Male,18,27,40,60.23373278,1
624,f278,Ketapril,Male,12,30,0,45.0,0
625,f278,Ketapril,Male,12,30,5,48.19457788,0
626,f932,Ketapril,Male,15,29,0,45.0,0
627,g107,Ketapril,Female,2,29,0,45.0,0
628,g107,Ketapril,Female,2,29,5,48.79166496,0
629,g107,Ketapril,Female,2,29,10,53.43598668,0
630,g107,Ketapril,Female,2,29,15,58.13554485,0
631,g107,Ketapril,Female,2,29,20,62.70603145,0
632,g107,Ketapril,Female,2,29,25,64.66362579,0
633,g107,Ketapril,Female,2,29,30,69.16051982,0
634,g107,Ketapril,Female,2,29,35,71.90511721,0
635,g497,Ketapril,Male,19,28,0,45.0,0
636,g497,Ketapril,Male,19,28,5,48.78206878,0
637,g497,Ketapril,Male,19,28,10,49.6470865,0
638,g497,Ketapril,Male,19,28,15,53.64616804,1
639,g497,Ketapril,Male,19,28,20,55.09699356,1
640,g497,Ketapril,Male,19,28,25,57.52444611,2
641,g497,Ketapril,Male,19,28,30,61.108185999999996,2
642,g497,Ketapril,Male,19,28,35,64.09488929999999,2
643,g497,Ketapril,Male,19,28,40,67.74281406,2
644,g497,Ketapril,Male,19,28,45,69.87225079,2
645,h246,Ketapril,Male,13,30,0,45.0,0
646,h246,Ketapril,Male,13,30,5,49.47041702,0
647,h246,Ketapril,Male,13,30,10,51.36886216,1
648,h246,Ketapril,Male,13,30,15,56.18432701,1
649,h246,Ketapril,Male,13,30,20,57.93591218,1
650,h246,Ketapril,Male,13,30,25,59.5488537,1
651,h246,Ketapril,Male,13,30,30,63.59960954,1
652,h246,Ketapril,Male,13,30,35,67.2112701,2
653,h246,Ketapril,Male,13,30,40,71.15083468,2
654,h246,Ketapril,Male,13,30,45,74.10408567,2
655,h428,Ketapril,Female,1,27,0,45.0,0
656,k382,Ketapril,Male,22,29,0,45.0,0
657,k382,Ketapril,Male,22,29,5,46.27499735,1
658,k382,Ketapril,Male,22,29,10,50.18096763,1
659,k382,Ketapril,Male,22,29,15,54.42916821,1
660,k382,Ketapril,Male,22,29,20,57.82435071,2
661,k382,Ketapril,Male,22,29,25,59.50390392,3
662,k382,Ketapril,Male,22,29,30,63.46944155,4
663,k382,Ketapril,Male,22,29,35,66.07918483,4
664,k382,Ketapril,Male,22,29,40,67.42095521,4
665,k382,Ketapril,Male,22,29,45,73.71561899999999,4
666,l264,Ketapril,Female,15,30,0,45.0,0
667,l264,Ketapril,Female,15,30,5,46.66876646,0
668,l264,Ketapril,Female,15,30,10,50.65958094,0
669,m550,Ketapril,Male,18,28,0,45.0,0
670,m550,Ketapril,Male,18,28,5,49.05409736,1
671,m550,Ketapril,Male,18,28,10,50.54803457,2
672,m550,Ketapril,Male,18,28,15,51.16606544,3
673,m550,Ketapril,Male,18,28,20,53.75794476,3
674,m550,Ketapril,Male,18,28,25,57.62068237,4
675,m550,Ketapril,Male,18,28,30,60.85654272,4
676,m550,Ketapril,Male,18,28,35,62.53915386,4
677,m550,Ketapril,Male,18,28,40,68.21072019,4
678,m550,Ketapril,Male,18,28,45,69.25350312,4
679,m650,Ketapril,Male,15,27,0,45.0,0
680,m650,Ketapril,Male,15,27,5,48.56249492,1
681,m650,Ketapril,Male,15,27,10,50.96899763,1
682,m650,Ketapril,Male,15,27,15,53.14955933,1
683,m650,Ketapril,Male,15,27,20,56.777938799999994,2
684,m650,Ketapril,Male,15,27,25,62.253596900000005,2
685,m650,Ketapril,Male,15,27,30,64.90188755,3
686,m650,Ketapril,Male,15,27,35,69.26574681,4
687,m650,Ketapril,Male,15,27,40,70.79706787,4
688,m650,Ketapril,Male,15,27,45,73.90139912,4
689,n923,Ketapril,Male,19,30,0,45.0,0
690,n923,Ketapril,Male,19,30,5,45.82488099,0
691,n923,Ketapril,Male,19,30,10,48.79194986,1
692,n923,Ketapril,Male,19,30,15,51.73870623,1
693,n923,Ketapril,Male,19,30,20,52.59920611,1
694,n923,Ketapril,Male,19,30,25,56.85546498,2
695,n923,Ketapril,Male,19,30,30,59.63256052,3
696,n923,Ketapril,Male,19,30,35,60.35629432,3
697,n923,Ketapril,Male,19,30,40,66.22960554,3
698,o331,Ketapril,Male,24,30,0,45.0,0
699,o331,Ketapril,Male,24,30,5,47.05966408,1
700,o331,Ketapril,Male,24,30,10,50.12845481,1
701,o331,Ketapril,Male,24,30,15,54.78976769,1
702,o331,Ketapril,Male,24,30,20,58.96572043,1
703,o331,Ketapril,Male,24,30,25,61.10230575,1
704,o331,Ketapril,Male,24,30,30,66.33066347,1
705,o331,Ketapril,Male,24,30,35,70.12623754,2
706,o331,Ketapril,Male,24,30,40,71.44774251,3
707,o331,Ketapril,Male,24,30,45,78.56701362,4
708,o973,Ketapril,Female,11,29,0,45.0,0
709,o973,Ketapril,Female,11,29,5,46.71787727,0
710,o973,Ketapril,Female,11,29,10,48.24579043,0
711,o973,Ketapril,Female,11,29,15,49.87193582,0
712,o973,Ketapril,Female,11,29,20,51.956993100000005,1
713,o973,Ketapril,Female,11,29,25,53.17981471,1
714,o973,Ketapril,Female,11,29,30,57.76995952,1
715,o973,Ketapril,Female,11,29,35,60.24221931,1
716,o973,Ketapril,Female,11,29,40,64.48781246,2
717,p189,Ketapril,Male,8,28,0,45.0,0
718,p189,Ketapril,Male,8,28,5,49.04870704,1
719,p189,Ketapril,Male,8,28,10,51.58216168,2
720,p189,Ketapril,Male,8,28,15,53.6755415,2
721,p189,Ketapril,Male,8,28,20,56.53020447,3
722,p189,Ketapril,Male,8,28,25,62.10895956,3
723,p189,Ketapril,Male,8,28,30,67.10453665,4
724,p189,Ketapril,Male,8,28,35,67.87377675,4
725,p189,Ketapril,Male,8,28,40,74.10609077,4
726,p189,Ketapril,Male,8,28,45,75.2949359,4
727,q119,Ketapril,Male,17,30,0,45.0,0
728,q119,Ketapril,Male,17,30,5,47.86444,0
729,q119,Ketapril,Male,17,30,10,51.23660557,0
730,u327,Ketapril,Male,17,25,0,45.0,0
731,u327,Ketapril,Male,17,25,5,45.69418805,0
732,u327,Ketapril,Male,17,25,10,49.23525948,0
733,u327,Ketapril,Male,17,25,15,50.65996437,0
734,u327,Ketapril,Male,17,25,20,53.18987907,0
735,u327,Ketapril,Male,17,25,25,56.05963409,0
736,u327,Ketapril,Male,17,25,30,57.31407239,0
737,u327,Ketapril,Male,17,25,35,58.08902837,1
738,u327,Ketapril,Male,17,25,40,60.46654541,1
739,u327,Ketapril,Male,17,25,45,66.26880133,2
740,v289,Ketapril,Female,3,26,0,45.0,0
741,v289,Ketapril,Female,3,26,5,46.20446003,0
742,v289,Ketapril,Female,3,26,10,48.13348207,0
743,v289,Ketapril,Female,3,26,15,52.60216564,0
744,v289,Ketapril,Female,3,26,20,54.25005397,0
745,v289,Ketapril,Female,3,26,25,56.72009545,0
746,v603,Ketapril,Female,22,30,0,45.0,0
747,v603,Ketapril,Female,22,30,5,46.01600593,0
748,v603,Ketapril,Female,22,30,10,47.8305568,0
749,v603,Ketapril,Female,22,30,15,52.10294744,0
750,v603,Ketapril,Female,22,30,20,53.72124193,0
751,v603,Ketapril,Female,22,30,25,56.07523001,1
752,v603,Ketapril,Female,22,30,30,57.99055378,1
753,v603,Ketapril,Female,22,30,35,63.18943184,1
754,w422,Ketapril,Female,18,26,0,45.0,0
755,w422,Ketapril,Female,18,26,5,48.45745927,0
756,w422,Ketapril,Female,18,26,10,49.93597024,0
757,w422,Ketapril,Female,18,26,15,52.24630985,0
758,w422,Ketapril,Female,18,26,20,53.67624336,1
759,w422,Ketapril,Female,18,26,25,56.95791715,2
760,w422,Ketapril,Female,18,26,30,60.09663467,3
761,w422,Ketapril,Female,18,26,35,61.40961994,4
762,w422,Ketapril,Female,18,26,40,63.07258467,4
763,w422,Ketapril,Female,18,26,45,67.98953001,4
764,y260,Ketapril,Female,7,25,0,45.0,0
765,y260,Ketapril,Female,7,25,5,46.79983867,0
766,y260,Ketapril,Female,7,25,10,48.08180678,1
767,y260,Ketapril,Female,7,25,15,50.19615224,2
768,y260,Ketapril,Female,7,25,20,50.72958174,3
769,y260,Ketapril,Female,7,25,25,54.43756172,4
770,y260,Ketapril,Female,7,25,30,58.58267634,4
771,y260,Ketapril,Female,7,25,35,59.60355821,4
772,y260,Ketapril,Female,7,25,40,60.91417627,4
773,y260,Ketapril,Female,7,25,45,62.90944062,4
774,a818,Naftisol,Female,12,28,0,45.0,0
775,a818,Naftisol,Female,12,28,5,45.69670864,0
776,a818,Naftisol,Female,12,28,10,49.79091948,0
777,a818,Naftisol,Female,12,28,15,51.22756565,0
778,a818,Naftisol,Female,12,28,20,54.8346245,0
779,a818,Naftisol,Female,12,28,25,56.96627332,0
780,a818,Naftisol,Female,12,28,30,60.07237198,0
781,a818,Naftisol,Female,12,28,35,63.29854586,0
782,a818,Naftisol,Female,12,28,40,69.27381374,1
783,a818,Naftisol,Female,12,28,45,74.99776443,2
784,b559,Naftisol,Male,20,26,0,45.0,0
785,b559,Naftisol,Male,20,26,5,47.40989731,0
786,b559,Naftisol,Male,20,26,10,48.03643202,0
787,b559,Naftisol,Male,20,26,15,51.37886229,0
788,b559,Naftisol,Male,20,26,20,55.65445572,1
789,b559,Naftisol,Male,20,26,25,57.04366929,1
790,b559,Naftisol,Male,20,26,30,61.19038663,1
791,b559,Naftisol,Male,20,26,35,65.70576275,1
792,b559,Naftisol,Male,20,26,40,69.96961645,1
793,b559,Naftisol,Male,20,26,45,73.05136339,1
794,e213,Naftisol,Male,8,27,0,45.0,0
795,e213,Naftisol,Male,8,27,5,45.69925018,1
796,e213,Naftisol,Male,8,27,10,47.39157120000001,2
797,e213,Naftisol,Male,8,27,15,51.7916953,2
798,e213,Naftisol,Male,8,27,20,52.61376289,2
799,e213,Naftisol,Male,8,27,25,55.22447615,2
800,e213,Naftisol,Male,8,27,30,56.45872864,3
801,e213,Naftisol,Male,8,27,35,58.24585435,3
802,e213,Naftisol,Male,8,27,40,60.23654797,3
803,e213,Naftisol,Male,8,27,45,63.1056963,4
804,e291,Naftisol,Female,14,29,0,45.0,0
805,e291,Naftisol,Female,14,29,5,46.14250486,0
806,e291,Naftisol,Female,14,29,10,48.52974125,1
807,e291,Naftisol,Female,14,29,15,49.348426200000006,1
808,e291,Naftisol,Female,14,29,20,52.53376479,1
809,e291,Naftisol,Female,14,29,25,55.1389525,2
810,e584,Naftisol,Male,9,27,0,45.0,0
811,e584,Naftisol,Male,9,27,5,45.656978499999994,0
812,e584,Naftisol,Male,9,27,10,47.25064148,0
813,e584,Naftisol,Male,9,27,15,48.43041053,1
814,e584,Naftisol,Male,9,27,20,50.34492095,2
815,e584,Naftisol,Male,9,27,25,51.38641908,2
816,e584,Naftisol,Male,9,27,30,54.98440767,3
817,e584,Naftisol,Male,9,27,35,58.08655989,3
818,e584,Naftisol,Male,9,27,40,62.81687083,4
819,e584,Naftisol,Male,9,27,45,68.3597767,4
820,f993,Naftisol,Male,21,28,0,45.0,0
821,f993,Naftisol,Male,21,28,5,46.39575966,0
822,f993,Naftisol,Male,21,28,10,48.18537323,0
823,f993,Naftisol,Male,21,28,15,49.10697473,1
824,f993,Naftisol,Male,21,28,20,52.07951009,1
825,j755,Naftisol,Male,23,27,0,45.0,0
826,j755,Naftisol,Male,23,27,5,47.24284357,0
827,j755,Naftisol,Male,23,27,10,48.16706083,0
828,j755,Naftisol,Male,23,27,15,51.45397391,0
829,j755,Naftisol,Male,23,27,20,55.49660753,1
830,j755,Naftisol,Male,23,27,25,58.05581822,1
831,j755,Naftisol,Male,23,27,30,60.00720978,1
832,j755,Naftisol,Male,23,27,35,62.7328576,1
833,j755,Naftisol,Male,23,27,40,67.2077103,1
834,j755,Naftisol,Male,23,27,45,69.56362076,1
835,l700,Naftisol,Female,18,27,0,45.0,0
836,l700,Naftisol,Female,18,27,5,45.91837165,0
837,l700,Naftisol,Female,18,27,10,47.01356652,1
838,l700,Naftisol,Female,18,27,15,49.04022529,1
839,l700,Naftisol,Female,18,27,20,50.73476811,1
840,l700,Naftisol,Female,18,27,25,54.23450181,1
841,l700,Naftisol,Female,18,27,30,56.653215,1
842,l700,Naftisol,Female,18,27,35,61.46260354,1
843,l700,Naftisol,Female,18,27,40,62.98667798,1
844,l700,Naftisol,Female,18,27,45,63.94664044,1
845,l725,Naftisol,Female,8,26,0,45.0,0
846,l725,Naftisol,Female,8,26,5,48.73631881,1
847,l725,Naftisol,Female,8,26,10,50.82391154,2
848,l725,Naftisol,Female,8,26,15,54.24456268,2
849,l725,Naftisol,Female,8,26,20,59.61515479999999,2
850,l725,Naftisol,Female,8,26,25,65.00882889,2
851,l725,Naftisol,Female,8,26,30,66.59954515,3
852,l725,Naftisol,Female,8,26,35,69.12570173,3
853,l725,Naftisol,Female,8,26,40,73.69349382,3
854,l725,Naftisol,Female,8,26,45,76.66881742,3
855,m133,Naftisol,Female,2,26,0,45.0,0
856,m133,Naftisol,Female,2,26,5,46.62130127,0
857,m133,Naftisol,Female,2,26,10,47.50333803,0
858,m133,Naftisol,Female,2,26,15,48.6652074,1
859,m133,Naftisol,Female,2,26,20,52.63688249,1
860,m133,Naftisol,Female,2,26,25,54.08243662,2
861,n304,Naftisol,Male,9,26,0,45.0,0
862,n304,Naftisol,Male,9,26,5,46.43121629,0
863,n304,Naftisol,Male,9,26,10,47.20125097,0
864,n304,Naftisol,Male,9,26,15,48.47797895,0
865,n304,Naftisol,Male,9,26,20,49.25330863,1
866,n304,Naftisol,Male,9,26,25,53.97085924,2
867,n304,Naftisol,Male,9,26,30,55.03901985,3
868,n304,Naftisol,Male,9,26,35,57.12241926,4
869,n304,Naftisol,Male,9,26,40,59.83050667,4
870,n304,Naftisol,Male,9,26,45,63.58639514,4
871,o725,Naftisol,Male,4,26,0,45.0,0
872,o725,Naftisol,Male,4,26,5,46.88982098,0
873,o725,Naftisol,Male,4,26,10,48.199452,0
874,o725,Naftisol,Male,4,26,15,50.01507902,1
875,r604,Naftisol,Male,7,30,0,45.0,0
876,r604,Naftisol,Male,7,30,5,47.06774448,1
877,r604,Naftisol,Male,7,30,10,48.78655957,1
878,r604,Naftisol,Male,7,30,15,51.07452073,1
879,r604,Naftisol,Male,7,30,20,51.90275292,1
880,r604,Naftisol,Male,7,30,25,52.93685812,1
881,r604,Naftisol,Male,7,30,30,54.68821536,2
882,r604,Naftisol,Male,7,30,35,59.21700015,2
883,r604,Naftisol,Male,7,30,40,60.18611531,2
884,r604,Naftisol,Male,7,30,45,62.67075904,3
885,r701,Naftisol,Male,21,25,0,45.0,0
886,r701,Naftisol,Male,21,25,5,46.88697137,0
887,r701,Naftisol,Male,21,25,10,49.65459636,0
888,r701,Naftisol,Male,21,25,15,52.48480443,0
889,r701,Naftisol,Male,21,25,20,54.11413742,0
890,r701,Naftisol,Male,21,25,25,57.89848998,1
891,r701,Naftisol,Male,21,25,30,60.34181872,1
892,r701,Naftisol,Male,21,25,35,64.73001045,1
893,r701,Naftisol,Male,21,25,40,66.64072178,1
894,r701,Naftisol,Male,21,25,45,69.77854407,1
895,t724,Naftisol,Female,2,25,0,45.0,0
896,t724,Naftisol,Female,2,25,5,46.35925829,0
897,t724,Naftisol,Female,2,25,10,50.70389965,0
898,t724,Naftisol,Female,2,25,15,55.58461724,0
899,t724,Naftisol,Female,2,25,20,57.22940914,0
900,t724,Naftisol,Female,2,25,25,59.82606797,1
901,t724,Naftisol,Female,2,25,30,64.2345947,2
902,t724,Naftisol,Female,2,25,35,67.74432795,2
903,t724,Naftisol,Female,2,25,40,69.72832559,2
904,t724,Naftisol,Female,2,25,45,75.11328801,2
905,v199,Naftisol,Female,17,29,0,45.0,0
906,v295,Naftisol,Female,2,27,0,45.0,0
907,v295,Naftisol,Female,2,27,5,46.11181797,1
908,v295,Naftisol,Female,2,27,10,47.53946216,2
909,v295,Naftisol,Female,2,27,15,50.66605391,2
910,v295,Naftisol,Female,2,27,20,55.73137535,3
911,v295,Naftisol,Female,2,27,25,57.69185918,3
912,v295,Naftisol,Female,2,27,30,59.33377202,3
913,v295,Naftisol,Female,2,27,35,61.89315267,3
914,v295,Naftisol,Female,2,27,40,65.46607444,3
915,v835,Naftisol,Male,7,29,0,45.0,0
916,v835,Naftisol,Male,7,29,5,47.15601071,0
917,v835,Naftisol,Male,7,29,10,48.96591797,0
918,v835,Naftisol,Male,7,29,15,50.54520646,1
919,v835,Naftisol,Male,7,29,20,51.29654266,2
920,x264,Naftisol,Female,21,27,0,45.0,0
921,x264,Naftisol,Female,21,27,5,47.0384145,0
922,x264,Naftisol,Female,21,27,10,47.88712765,1
923,x264,Naftisol,Female,21,27,15,50.00231403,1
924,x264,Naftisol,Female,21,27,20,53.07426973,1
925,x264,Naftisol,Female,21,27,25,56.89105283,2
926,x264,Naftisol,Female,21,27,30,58.15869423,3
927,x264,Naftisol,Female,21,27,35,61.29960778,4
928,x264,Naftisol,Female,21,27,40,63.28328821,4
929,x336,Naftisol,Female,4,29,0,45.0,0
930,x930,Naftisol,Male,13,26,0,45.0,0
931,x930,Naftisol,Male,13,26,5,46.07823375,0
932,x930,Naftisol,Male,13,26,10,50.26069441,0
933,x930,Naftisol,Male,13,26,15,51.97376864,0
934,x930,Naftisol,Male,13,26,20,52.55606575,0
935,x930,Naftisol,Male,13,26,25,53.72610129999999,0
936,y601,Naftisol,Female,23,25,0,45.0,0
937,y601,Naftisol,Female,23,25,5,48.47500273,1
938,z234,Naftisol,Female,19,27,0,45.0,0
939,z234,Naftisol,Female,19,27,5,46.12935706,1
940,z795,Naftisol,Female,13,29,0,45.0,0
941,z795,Naftisol,Female,13,29,5,46.83347493,0
942,z795,Naftisol,Female,13,29,10,48.0308039,0
943,z795,Naftisol,Female,13,29,15,49.36813189,1
944,z795,Naftisol,Female,13,29,20,53.28065717,1
945,z795,Naftisol,Female,13,29,25,57.94709984,2
946,z795,Naftisol,Female,13,29,30,59.78963589999999,2
947,z795,Naftisol,Female,13,29,35,60.43565416,2
948,z795,Naftisol,Female,13,29,40,62.37663884,3
949,z795,Naftisol,Female,13,29,45,65.74107029,3
950,z969,Naftisol,Male,9,30,0,45.0,0
951,z969,Naftisol,Male,9,30,5,49.33299873,0
952,z969,Naftisol,Male,9,30,10,52.65608148,1
953,z969,Naftisol,Male,9,30,15,54.71300452,2
954,z969,Naftisol,Male,9,30,20,57.89877823,2
955,z969,Naftisol,Male,9,30,25,63.14565213,2
956,z969,Naftisol,Male,9,30,30,65.84101274,3
957,z969,Naftisol,Male,9,30,35,69.17624607,4
958,z969,Naftisol,Male,9,30,40,70.31490411,4
959,z969,Naftisol,Male,9,30,45,73.86784476,4
960,a262,Placebo,Female,17,29,0,45.0,0
961,a262,Placebo,Female,17,29,5,48.71756819,1
962,a262,Placebo,Female,17,29,10,49.59518129,1
963,a262,Placebo,Female,17,29,15,53.82797367,2
964,a262,Placebo,Female,17,29,20,57.01331331,2
965,a262,Placebo,Female,17,29,25,60.13186217,2
966,a262,Placebo,Female,17,29,30,64.95809178,3
967,a262,Placebo,Female,17,29,35,66.56196302,4
968,a262,Placebo,Female,17,29,40,69.59273198,4
969,a262,Placebo,Female,17,29,45,70.71762058,4
970,a897,Placebo,Male,7,28,0,45.0,0
971,a897,Placebo,Male,7,28,5,45.69112405,1
972,a897,Placebo,Male,7,28,10,47.97292708,1
973,a897,Placebo,Male,7,28,15,52.34308525,2
974,a897,Placebo,Male,7,28,20,54.59570541,3
975,a897,Placebo,Male,7,28,25,56.41331977,3
976,a897,Placebo,Male,7,28,30,59.91693443,3
977,a897,Placebo,Male,7,28,35,64.0528731,3
978,a897,Placebo,Male,7,28,40,67.21174279,4
979,a897,Placebo,Male,7,28,45,72.25596306,4
980,c282,Placebo,Male,12,27,0,45.0,0
981,c282,Placebo,Male,12,27,5,45.72568973,0
982,c282,Placebo,Male,12,27,10,48.17950638,0
983,c282,Placebo,Male,12,27,15,49.26607873,0
984,c282,Placebo,Male,12,27,20,51.95057423,0
985,c282,Placebo,Male,12,27,25,56.29220039,1
986,c282,Placebo,Male,12,27,30,59.00590207,1
987,c282,Placebo,Male,12,27,35,59.88765475,1
988,c282,Placebo,Male,12,27,40,65.02179944,2
989,c282,Placebo,Male,12,27,45,65.81516535,2
990,c757,Placebo,Male,9,27,0,45.0,0
991,c757,Placebo,Male,9,27,5,47.78327981,0
992,c757,Placebo,Male,9,27,10,49.21931669,0
993,c757,Placebo,Male,9,27,15,51.532603,0
994,c757,Placebo,Male,9,27,20,52.81863401,1
995,c757,Placebo,Male,9,27,25,57.10641821,2
996,c757,Placebo,Male,9,27,30,60.09857184,2
997,c757,Placebo,Male,9,27,35,64.29116351,2
998,c757,Placebo,Male,9,27,40,66.60436771,2
999,c757,Placebo,Male,9,27,45,69.04284082,3
1000,c766,Placebo,Female,13,26,0,45.0,0
1001,c766,Placebo,Female,13,26,5,47.31305537,0
1002,c766,Placebo,Female,13,26,10,49.50027098,1
1003,c766,Placebo,Female,13,26,15,50.59663325,2
1004,c766,Placebo,Female,13,26,20,53.00686463,3
1005,c766,Placebo,Female,13,26,25,58.21462437,3
1006,c766,Placebo,Female,13,26,30,60.2559245,3
1007,c766,Placebo,Female,13,26,35,65.95236791,4
1008,c766,Placebo,Female,13,26,40,67.68529456,4
1009,c766,Placebo,Female,13,26,45,69.82314577,4
1010,e227,Placebo,Male,1,30,0,45.0,0
1011,e227,Placebo,Male,1,30,5,47.23801112,0
1012,e227,Placebo,Male,1,30,10,51.34975705,1
1013,e227,Placebo,Male,1,30,15,52.83394196,1
1014,e227,Placebo,Male,1,30,20,56.60755210000001,1
1015,e227,Placebo,Male,1,30,25,60.60029169,1
1016,e227,Placebo,Male,1,30,30,62.46438515,2
1017,e227,Placebo,Male,1,30,35,66.94912136,3
1018,e227,Placebo,Male,1,30,40,70.7152176,3
1019,e227,Placebo,Male,1,30,45,73.21293851,3
1020,i477,Placebo,Female,3,30,0,45.0,0
1021,i477,Placebo,Female,3,30,5,46.65738471,0
1022,i477,Placebo,Female,3,30,10,47.52063206,0
1023,i669,Placebo,Female,18,27,0,45.0,0
1024,i669,Placebo,Female,18,27,5,46.76466824,1
1025,i669,Placebo,Female,18,27,10,48.2816334,1
1026,i669,Placebo,Female,18,27,15,48.857600700000006,1
1027,i669,Placebo,Female,18,27,20,50.87369027,1
1028,i669,Placebo,Female,18,27,25,53.30318455,2
1029,j235,Placebo,Male,6,30,0,45.0,0
1030,j235,Placebo,Male,6,30,5,46.58881978,0
1031,j235,Placebo,Male,6,30,10,48.01878792,1
1032,j235,Placebo,Male,6,30,15,51.16113815,1
1033,j235,Placebo,Male,6,30,20,52.94290169,1
1034,l872,Placebo,Male,19,30,0,45.0,0
1035,n763,Placebo,Female,16,25,0,45.0,0
1036,n763,Placebo,Female,16,25,5,46.08598142,0
1037,n763,Placebo,Female,16,25,10,46.81731526,1
1038,n763,Placebo,Female,16,25,15,47.79809961,1
1039,n763,Placebo,Female,16,25,20,49.25812581,1
1040,n763,Placebo,Female,16,25,25,53.40587053,2
1041,n763,Placebo,Female,16,25,30,55.41365961,3
1042,n763,Placebo,Female,16,25,35,57.38241296,3
1043,n763,Placebo,Female,16,25,40,58.01114583,4
1044,o302,Placebo,Female,2,29,0,45.0,0
1045,o302,Placebo,Female,2,29,5,48.93701188,0
1046,o302,Placebo,Female,2,29,10,49.70144989,0
1047,o302,Placebo,Female,2,29,15,51.38148886,0
1048,o302,Placebo,Female,2,29,20,56.17761143,0
1049,o302,Placebo,Female,2,29,25,60.51710253,0
1050,o302,Placebo,Female,2,29,30,62.03059364,1
1051,o795,Placebo,Female,20,26,0,45.0,0
1052,o795,Placebo,Female,20,26,5,46.76092721,1
1053,o795,Placebo,Female,20,26,10,51.1237037,1
1054,o795,Placebo,Female,20,26,15,55.88633793,2
1055,o795,Placebo,Female,20,26,20,60.61005916,3
1056,o795,Placebo,Female,20,26,25,65.74177723,4
1057,o795,Placebo,Female,20,26,30,68.21706974,4
1058,o795,Placebo,Female,20,26,35,69.08509415,4
1059,o795,Placebo,Female,20,26,40,70.26647887,4
1060,o795,Placebo,Female,20,26,45,73.05945435,4
1061,q582,Placebo,Male,5,30,0,45.0,0
1062,q582,Placebo,Male,5,30,5,45.95539895,1
1063,q582,Placebo,Male,5,30,10,47.01357514,1
1064,q582,Placebo,Male,5,30,15,48.32264018,2
1065,q582,Placebo,Male,5,30,20,51.18597648,2
1066,q582,Placebo,Male,5,30,25,51.96821056,2
1067,q582,Placebo,Male,5,30,30,52.64889350000001,2
1068,q582,Placebo,Male,5,30,35,53.71315792,2
1069,q787,Placebo,Male,17,27,0,45.0,0
1070,q787,Placebo,Male,17,27,5,47.11661587,0
1071,q787,Placebo,Male,17,27,10,48.59386234,1
1072,q787,Placebo,Male,17,27,15,49.21773243,2
1073,q787,Placebo,Male,17,27,20,50.22993419,2
1074,q787,Placebo,Male,17,27,25,52.71318786,2
1075,q787,Placebo,Male,17,27,30,55.03620625,2
1076,q787,Placebo,Male,17,27,35,60.33385242,3
1077,q787,Placebo,Male,17,27,40,62.0341267,3
1078,q787,Placebo,Male,17,27,45,66.09647477,3
1079,r850,Placebo,Male,5,30,0,45.0,0
1080,r850,Placebo,Male,5,30,5,46.86291194,0
1081,r850,Placebo,Male,5,30,10,48.51509085,1
1082,r850,Placebo,Male,5,30,15,50.21860469,1
1083,s152,Placebo,Female,4,30,0,45.0,0
1084,s152,Placebo,Female,4,30,5,47.459052899999996,1
1085,s152,Placebo,Female,4,30,10,52.1816442,2
1086,s152,Placebo,Female,4,30,15,57.22498064,2
1087,s152,Placebo,Female,4,30,20,62.35160945,2
1088,s152,Placebo,Female,4,30,25,64.11914213,2
1089,s166,Placebo,Male,19,27,0,45.0,0
1090,s166,Placebo,Male,19,27,5,47.18678778,0
1091,s166,Placebo,Male,19,27,10,49.00012468,0
1092,t718,Placebo,Female,10,30,0,45.0,0
1093,t718,Placebo,Female,10,30,5,45.92125272,1
1094,t718,Placebo,Female,10,30,10,46.39268805,1
1095,t718,Placebo,Female,10,30,15,48.08512552,1
1096,t718,Placebo,Female,10,30,20,52.6367,2
1097,t718,Placebo,Female,10,30,25,55.87658787,3
1098,t718,Placebo,Female,10,30,30,57.70411372,3
1099,t718,Placebo,Female,10,30,35,60.46389851,3
1100,t718,Placebo,Female,10,30,40,61.530398899999994,3
1101,t718,Placebo,Female,10,30,45,63.42369517,4
1102,t994,Placebo,Male,14,30,0,45.0,0
1103,t994,Placebo,Male,14,30,5,47.891487100000006,0
1104,t994,Placebo,Male,14,30,10,52.614163500000004,1
1105,t994,Placebo,Male,14,30,15,53.45863887,1
1106,t994,Placebo,Male,14,30,20,56.52795159,1
1107,v409,Placebo,Female,16,25,0,45.0,0
1108,v409,Placebo,Female,16,25,5,46.22079642,0
1109,v409,Placebo,Female,16,25,10,50.64903842,1
1110,v989,Placebo,Male,4,25,0,45.0,0
1111,v989,Placebo,Male,4,25,5,48.85813451,0
1112,v989,Placebo,Male,4,25,10,52.61468889,1
1113,w167,Placebo,Female,6,28,0,45.0,0
1114,w167,Placebo,Female,6,28,5,48.78627194,0
1115,w167,Placebo,Female,6,28,10,51.82640965,0
1116,w167,Placebo,Female,6,28,15,53.90048909,0
1117,w167,Placebo,Female,6,28,20,57.54815669,0
1118,w167,Placebo,Female,6,28,25,61.86857673,0
1119,w167,Placebo,Female,6,28,30,67.19787186,0
1120,w167,Placebo,Female,6,28,35,68.13428817,0
1121,x773,Placebo,Female,21,30,0,45.0,0
1122,x773,Placebo,Female,21,30,5,45.8508307,1
1123,x773,Placebo,Female,21,30,10,47.18920597,2
1124,x773,Placebo,Female,21,30,15,47.67123558,3
1125,x773,Placebo,Female,21,30,20,49.739712899999994,3
1126,x773,Placebo,Female,21,30,25,51.10442109,3
1127,x773,Placebo,Female,21,30,30,52.81311518,4
1128,x773,Placebo,Female,21,30,35,55.19273639,4
1129,x773,Placebo,Female,21,30,40,55.98767551,4
1130,x773,Placebo,Female,21,30,45,58.63497149,4
1131,y478,Placebo,Female,3,25,0,45.0,0
1132,y478,Placebo,Female,3,25,5,48.64107818,1
1133,y478,Placebo,Female,3,25,10,52.28893409,1
1134,y478,Placebo,Female,3,25,15,53.61040585,1
1135,y478,Placebo,Female,3,25,20,56.84885016,1
1136,y478,Placebo,Female,3,25,25,57.82697598,1
1137,y478,Placebo,Female,3,25,30,59.37461452,1
1138,y478,Placebo,Female,3,25,35,61.88802678,1
1139,y478,Placebo,Female,3,25,40,65.97112017,1
1140,y478,Placebo,Female,3,25,45,66.84263453,1
1141,a699,Propriva,Female,5,28,0,45.0,0
1142,a699,Propriva,Female,5,28,5,46.55308986,0
1143,a699,Propriva,Female,5,28,10,47.86737569,0
1144,a699,Propriva,Female,5,28,15,49.53040137,0
1145,a699,Propriva,Female,5,28,20,50.71242334,0
1146,a699,Propriva,Female,5,28,25,51.84638147,0
1147,a699,Propriva,Female,5,28,30,54.37934505,0
1148,a699,Propriva,Female,5,28,35,56.51068234,1
1149,a699,Propriva,Female,5,28,40,58.60544816,1
1150,a699,Propriva,Female,5,28,45,62.19141437,1
1151,c927,Propriva,Female,4,26,0,45.0,0
1152,c927,Propriva,Female,4,26,5,46.35184205,0
1153,c927,Propriva,Female,4,26,10,50.96529767,1
1154,c927,Propriva,Female,4,26,15,53.26643087,1
1155,c927,Propriva,Female,4,26,20,55.48168922,1
1156,c927,Propriva,Female,4,26,25,56.54551947,2
1157,c927,Propriva,Female,4,26,30,60.753924600000005,2
1158,c927,Propriva,Female,4,26,35,61.87227365,3
1159,c927,Propriva,Female,4,26,40,64.18322918,4
1160,g558,Propriva,Male,8,29,0,45.0,0
1161,g558,Propriva,Male,8,29,5,46.18874193,0
1162,g558,Propriva,Male,8,29,10,50.09475382,0
1163,g558,Propriva,Male,8,29,15,51.007258,0
1164,g558,Propriva,Male,8,29,20,55.09009691,1
1165,g558,Propriva,Male,8,29,25,55.75408257,2
1166,g558,Propriva,Male,8,29,30,58.95282911,3
1167,g558,Propriva,Male,8,29,35,60.86215883,4
1168,g558,Propriva,Male,8,29,40,61.77496268,4
1169,g570,Propriva,Male,16,29,0,45.0,0
1170,g570,Propriva,Male,16,29,5,47.65642436,1
1171,g570,Propriva,Male,16,29,10,49.18823167,1
1172,g570,Propriva,Male,16,29,15,52.6826954,1
1173,g570,Propriva,Male,16,29,20,54.64329541,1
1174,g570,Propriva,Male,16,29,25,56.8494056,1
1175,g570,Propriva,Male,16,29,30,60.32871705,1
1176,g570,Propriva,Male,16,29,35,62.3304204,2
1177,g570,Propriva,Male,16,29,40,68.52585616,2
1178,g570,Propriva,Male,16,29,45,70.49278763,2
1179,g989,Propriva,Female,21,26,0,45.0,0
1180,g989,Propriva,Female,21,26,0,45.0,0
1181,g989,Propriva,Female,21,26,5,48.78680146,0
1182,g989,Propriva,Female,21,26,5,47.57039208,0
1183,g989,Propriva,Female,21,26,10,51.74515613,0
1184,g989,Propriva,Female,21,26,10,49.880527799999996,0
1185,g989,Propriva,Female,21,26,15,51.32585207,1
1186,g989,Propriva,Female,21,26,15,53.44201976,0
1187,g989,Propriva,Female,21,26,20,55.32612202,1
1188,g989,Propriva,Female,21,26,20,54.65765008,1
1189,g989,Propriva,Female,21,26,25,56.04556353,1
1190,g989,Propriva,Female,21,26,30,59.08229394,1
1191,g989,Propriva,Female,21,26,35,62.57087961,2
1192,i635,Propriva,Male,21,26,0,45.0,0
1193,i635,Propriva,Male,21,26,5,47.23593715,0
1194,i635,Propriva,Male,21,26,10,48.68575605,1
1195,i635,Propriva,Male,21,26,15,49.53689775,1
1196,i635,Propriva,Male,21,26,20,51.87706189,1
1197,i635,Propriva,Male,21,26,25,52.92882323,1
1198,i635,Propriva,Male,21,26,30,53.5970382,2
1199,i635,Propriva,Male,21,26,35,55.67999656,2
1200,i635,Propriva,Male,21,26,40,56.84243514,3
1201,i635,Propriva,Male,21,26,45,58.63340414,3
1202,k603,Propriva,Male,2,27,0,45.0,0
1203,k603,Propriva,Male,2,27,5,46.04211582,0
1204,k603,Propriva,Male,2,27,10,46.60694676,0
1205,k603,Propriva,Male,2,27,15,48.775285499999995,0
1206,k603,Propriva,Male,2,27,20,50.18010935,0
1207,l215,Propriva,Male,10,29,0,45.0,0
1208,l215,Propriva,Male,10,29,5,49.48194935,1
1209,l215,Propriva,Male,10,29,10,53.653969599999996,1
1210,n482,Propriva,Female,4,29,0,45.0,0
1211,n630,Propriva,Female,15,29,0,45.0,0
1212,n630,Propriva,Female,15,29,5,46.09909969,0
1213,n678,Propriva,Male,5,29,0,45.0,0
1214,n678,Propriva,Male,5,29,5,47.55428429,0
1215,n678,Propriva,Male,5,29,10,49.14570866,1
1216,o523,Propriva,Female,6,25,0,45.0,0
1217,o523,Propriva,Female,6,25,5,45.54470008,0
1218,o523,Propriva,Female,6,25,10,47.0810859,1
1219,o562,Propriva,Female,4,25,0,45.0,0
1220,o562,Propriva,Female,4,25,5,46.51495016,1
1221,o562,Propriva,Female,4,25,10,47.14767002,1
1222,o562,Propriva,Female,4,25,15,51.50508551,1
1223,o562,Propriva,Female,4,25,20,53.61686347,1
1224,o562,Propriva,Female,4,25,25,54.74273316,1
1225,o562,Propriva,Female,4,25,30,59.65352453,1
1226,o562,Propriva,Female,4,25,35,65.36076742,1
1227,o562,Propriva,Female,4,25,40,71.17246321,1
1228,o562,Propriva,Female,4,25,45,72.45542116,2
1229,p310,Propriva,Male,6,26,0,45.0,0
1230,p310,Propriva,Male,6,26,5,46.55853236,1
1231,p310,Propriva,Male,6,26,10,48.66560668,1
1232,p310,Propriva,Male,6,26,15,49.77074144,1
1233,p310,Propriva,Male,6,26,20,54.20518054,1
1234,p310,Propriva,Male,6,26,25,55.34183416,2
1235,r107,Propriva,Female,2,28,0,45.0,0
1236,r107,Propriva,Female,2,28,5,48.51342027,0
1237,r107,Propriva,Female,2,28,10,49.18601052,0
1238,r107,Propriva,Female,2,28,15,53.09033546,0
1239,r107,Propriva,Female,2,28,20,55.263858400000004,0
1240,r107,Propriva,Female,2,28,25,57.70666715,1
1241,r107,Propriva,Female,2,28,30,58.40647256,1
1242,s141,Propriva,Male,8,25,0,45.0,0
1243,s141,Propriva,Male,8,25,5,45.83113434,0
1244,s141,Propriva,Male,8,25,10,47.23569156,0
1245,s141,Propriva,Male,8,25,15,49.23234538,1
1246,s141,Propriva,Male,8,25,20,51.6216457,1
1247,s141,Propriva,Male,8,25,25,53.80437038,1
1248,s141,Propriva,Male,8,25,30,55.84141007,1
1249,s187,Propriva,Male,22,25,0,45.0,0
1250,s187,Propriva,Male,22,25,5,47.57671761,1
1251,s187,Propriva,Male,22,25,10,48.14635121,1
1252,s187,Propriva,Male,22,25,15,52.08163225,1
1253,s187,Propriva,Male,22,25,20,53.74473406,1
1254,s187,Propriva,Male,22,25,25,56.48521984,1
1255,s187,Propriva,Male,22,25,30,60.00878263,2
1256,t198,Propriva,Male,22,26,0,45.0,0
1257,t198,Propriva,Male,22,26,5,47.46126052,0
1258,t198,Propriva,Male,22,26,10,49.00080978,1
1259,t198,Propriva,Male,22,26,15,49.781180799999994,2
1260,t198,Propriva,Male,22,26,20,51.49073998,3
1261,t198,Propriva,Male,22,26,25,56.18466399,3
1262,t198,Propriva,Male,22,26,30,56.92497431,3
1263,t198,Propriva,Male,22,26,35,57.73594116,3
1264,t198,Propriva,Male,22,26,40,59.12995997,4
1265,t198,Propriva,Male,22,26,45,64.91136268,4
1266,u946,Propriva,Male,5,30,0,45.0,0
1267,u946,Propriva,Male,5,30,5,45.9918078,1
1268,u946,Propriva,Male,5,30,10,46.73050592,1
1269,u946,Propriva,Male,5,30,15,47.67302921,1
1270,u946,Propriva,Male,5,30,20,49.11004966,1
1271,v991,Propriva,Female,10,30,0,45.0,0
1272,v991,Propriva,Female,10,30,5,49.21432799,1
1273,v991,Propriva,Female,10,30,10,52.6449057,1
1274,v991,Propriva,Female,10,30,15,54.588591,1
1275,v991,Propriva,Female,10,30,20,57.74069459,2
1276,v991,Propriva,Female,10,30,25,60.01674733,2
1277,v991,Propriva,Female,10,30,30,62.74364308,3
1278,v991,Propriva,Female,10,30,35,63.89531294,4
1279,v991,Propriva,Female,10,30,40,64.8511286,4
1280,v991,Propriva,Female,10,30,45,70.16774899,4
1281,w350,Propriva,Male,7,26,0,45.0,0
1282,w350,Propriva,Male,7,26,5,48.23211311,0
1283,w350,Propriva,Male,7,26,10,48.89955238,0
1284,w350,Propriva,Male,7,26,15,50.8546323,1
1285,w350,Propriva,Male,7,26,20,52.13232061,1
1286,w350,Propriva,Male,7,26,25,52.80591518,1
1287,w350,Propriva,Male,7,26,30,55.87990896,1
1288,w350,Propriva,Male,7,26,35,56.68355758,1
1289,w350,Propriva,Male,7,26,40,62.32434769,2
1290,w350,Propriva,Male,7,26,45,64.95756185,2
1291,w746,Propriva,Male,1,26,0,45.0,0
1292,w746,Propriva,Male,1,26,5,49.45327005,0
1293,x111,Propriva,Female,24,27,0,45.0,0
1294,x111,Propriva,Female,24,27,5,46.94101498,1
1295,x111,Propriva,Female,24,27,10,49.12296898,1
1296,x209,Propriva,Female,7,29,0,45.0,0
1297,x209,Propriva,Female,7,29,5,46.75426887,0
1298,x209,Propriva,Female,7,29,10,48.92989543,0
1299,z435,Propriva,Female,12,26,0,45.0,0
1300,z435,Propriva,Female,12,26,5,47.11597963,0
1301,z435,Propriva,Female,12,26,10,48.71066147,0
1302,k403,Ramicane,Male,21,16,0,45.0,0
1303,k403,Ramicane,Male,21,16,5,38.82589807,0
1304,k403,Ramicane,Male,21,16,10,35.01427146,1
1305,k403,Ramicane,Male,21,16,15,34.22399174,1
1306,k403,Ramicane,Male,21,16,20,32.99772858,1
1307,k403,Ramicane,Male,21,16,25,33.46457735,1
1308,k403,Ramicane,Male,21,16,30,31.09949753,1
1309,k403,Ramicane,Male,21,16,35,26.54699343,1
1310,k403,Ramicane,Male,21,16,40,24.36550471,1
1311,k403,Ramicane,Male,21,16,45,22.05012627,1
1312,g791,Ramicane,Male,11,16,0,45.0,0
1313,g791,Ramicane,Male,11,16,5,45.85153062,0
1314,g791,Ramicane,Male,11,16,10,40.17055848,0
1315,g791,Ramicane,Male,11,16,15,40.67812852,0
1316,g791,Ramicane,Male,11,16,20,41.211897,0
1317,g791,Ramicane,Male,11,16,25,35.56939935,1
1318,g791,Ramicane,Male,11,16,30,34.95258284,1
1319,g791,Ramicane,Male,11,16,35,30.96039194,1
1320,g791,Ramicane,Male,11,16,40,31.36940573,1
1321,g791,Ramicane,Male,11,16,45,29.12847181,1
1322,s508,Ramicane,Male,1,17,0,45.0,0
1323,s508,Ramicane,Male,1,17,5,38.71187185,0
1324,s508,Ramicane,Male,1,17,10,34.850997899999996,0
1325,s508,Ramicane,Male,1,17,15,35.27690634,0
1326,s508,Ramicane,Male,1,17,20,35.92865083,0
1327,s508,Ramicane,Male,1,17,25,36.33856894,0
1328,s508,Ramicane,Male,1,17,30,35.47402235,0
1329,s508,Ramicane,Male,1,17,35,35.8461407,0
1330,s508,Ramicane,Male,1,17,40,32.79817119,0
1331,s508,Ramicane,Male,1,17,45,30.27623175,0
1332,m546,Ramicane,Male,18,16,0,45.0,0
1333,m546,Ramicane,Male,18,16,5,42.99887638,0
1334,m546,Ramicane,Male,18,16,10,43.74822357,0
1335,m546,Ramicane,Male,18,16,15,39.89743533,0
1336,m546,Ramicane,Male,18,16,20,36.71229535,0
1337,m546,Ramicane,Male,18,16,25,37.44444543,0
1338,m546,Ramicane,Male,18,16,30,37.96993365,0
1339,m546,Ramicane,Male,18,16,35,38.62753581,1
1340,m546,Ramicane,Male,18,16,40,35.114575200000004,1
1341,m546,Ramicane,Male,18,16,45,30.56462509,1
1342,z578,Ramicane,Male,11,16,0,45.0,0
1343,z578,Ramicane,Male,11,16,5,42.18878662,0
1344,z578,Ramicane,Male,11,16,10,42.95211843,0
1345,z578,Ramicane,Male,11,16,15,38.68851607,0
1346,z578,Ramicane,Male,11,16,20,36.89001635,0
1347,z578,Ramicane,Male,11,16,25,37.41411419,0
1348,z578,Ramicane,Male,11,16,30,37.81593487,0
1349,z578,Ramicane,Male,11,16,35,38.50482444,0
1350,z578,Ramicane,Male,11,16,40,34.02209336,0
1351,z578,Ramicane,Male,11,16,45,30.63869575,0
1352,j913,Ramicane,Female,4,17,0,45.0,0
1353,j913,Ramicane,Female,4,17,5,44.01490022,0
1354,j913,Ramicane,Female,4,17,10,44.49716216,0
1355,j913,Ramicane,Female,4,17,15,45.25253427,0
1356,j913,Ramicane,Female,4,17,20,42.16834132,0
1357,j913,Ramicane,Female,4,17,25,37.86066936,0
1358,j913,Ramicane,Female,4,17,30,34.75724046,0
1359,j913,Ramicane,Female,4,17,35,35.17014843,0
1360,j913,Ramicane,Female,4,17,40,31.00186078,1
1361,j913,Ramicane,Female,4,17,45,31.56046955,1
1362,n364,Ramicane,Male,4,17,0,45.0,0
1363,n364,Ramicane,Male,4,17,5,45.52187471,0
1364,n364,Ramicane,Male,4,17,10,40.3751382,0
1365,n364,Ramicane,Male,4,17,15,36.94027399,0
1366,n364,Ramicane,Male,4,17,20,37.4788685,0
1367,n364,Ramicane,Male,4,17,25,33.20500824,0
1368,n364,Ramicane,Male,4,17,30,33.817758000000005,0
1369,n364,Ramicane,Male,4,17,35,34.48752204,1
1370,n364,Ramicane,Male,4,17,40,34.95473311,1
1371,n364,Ramicane,Male,4,17,45,31.09533505,1
1372,c758,Ramicane,Male,9,17,0,45.0,0
1373,c758,Ramicane,Male,9,17,5,45.5786783,0
1374,c758,Ramicane,Male,9,17,10,46.28799223,0
1375,c758,Ramicane,Male,9,17,15,46.94094512,1
1376,c758,Ramicane,Male,9,17,20,43.1263114,1
1377,c758,Ramicane,Male,9,17,25,43.602267299999994,1
1378,c758,Ramicane,Male,9,17,30,44.11827028,1
1379,c758,Ramicane,Male,9,17,35,37.80238546,1
1380,c758,Ramicane,Male,9,17,40,32.83318858,1
1381,c758,Ramicane,Male,9,17,45,33.39765251,1
1382,a644,Ramicane,Female,7,17,0,45.0,0
1383,a644,Ramicane,Female,7,17,5,45.55015754,0
1384,a644,Ramicane,Female,7,17,10,46.38071258,0
1385,a644,Ramicane,Female,7,17,15,46.91089166,0
1386,a644,Ramicane,Female,7,17,20,45.86506461,0
1387,a644,Ramicane,Female,7,17,25,41.48122408,0
1388,a644,Ramicane,Female,7,17,30,37.21112063,0
1389,a644,Ramicane,Female,7,17,35,35.12863083,0
1390,a644,Ramicane,Female,7,17,40,35.77945086,0
1391,a644,Ramicane,Female,7,17,45,32.97852192,1
1392,i177,Ramicane,Male,10,18,0,45.0,0
1393,i177,Ramicane,Male,10,18,5,44.06539783,0
1394,i177,Ramicane,Male,10,18,10,41.02092924,0
1395,i177,Ramicane,Male,10,18,15,40.33093479,0
1396,i177,Ramicane,Male,10,18,20,35.34536136,0
1397,i177,Ramicane,Male,10,18,25,34.0821803,1
1398,i177,Ramicane,Male,10,18,30,34.71147302,1
1399,i177,Ramicane,Male,10,18,35,35.1521662,1
1400,i177,Ramicane,Male,10,18,40,35.55793279,2
1401,i177,Ramicane,Male,10,18,45,33.56240217,3
1402,j989,Ramicane,Male,8,19,0,45.0,0
1403,j989,Ramicane,Male,8,19,5,45.62071835,1
1404,j989,Ramicane,Male,8,19,10,46.34383237,1
1405,j989,Ramicane,Male,8,19,15,41.12835439,1
1406,j989,Ramicane,Male,8,19,20,41.63534426,1
1407,j989,Ramicane,Male,8,19,25,39.93411249,1
1408,j989,Ramicane,Male,8,19,30,34.67178107,1
1409,j989,Ramicane,Male,8,19,35,35.1155898,1
1410,j989,Ramicane,Male,8,19,40,35.50119014,1
1411,j989,Ramicane,Male,8,19,45,36.13485243,1
1412,a520,Ramicane,Male,13,21,0,45.0,0
1413,a520,Ramicane,Male,13,21,5,38.72370695,0
1414,a520,Ramicane,Male,13,21,10,36.42938781,0
1415,a520,Ramicane,Male,13,21,15,35.590253999999995,0
1416,a520,Ramicane,Male,13,21,20,35.94774514,0
1417,a520,Ramicane,Male,13,21,25,36.55858129,1
1418,a520,Ramicane,Male,13,21,30,36.94770981,1
1419,a520,Ramicane,Male,13,21,35,37.62471026,1
1420,a520,Ramicane,Male,13,21,40,38.25972497,1
1421,a520,Ramicane,Male,13,21,45,38.81036633,1
1422,r811,Ramicane,Male,9,19,0,45.0,0
1423,r811,Ramicane,Male,9,19,5,45.62580225,0
1424,r811,Ramicane,Male,9,19,10,39.453903000000004,0
1425,r811,Ramicane,Male,9,19,15,40.02229235,0
1426,r811,Ramicane,Male,9,19,20,40.7728027,0
1427,r811,Ramicane,Male,9,19,25,37.61401068,0
1428,r811,Ramicane,Male,9,19,30,38.24206639,0
1429,r811,Ramicane,Male,9,19,35,36.00302016,1
1430,r811,Ramicane,Male,9,19,40,36.5200329,1
1431,r811,Ramicane,Male,9,19,45,37.22565033,1
1432,i334,Ramicane,Female,8,20,0,45.0,0
1433,i334,Ramicane,Female,8,20,5,41.02051821,0
1434,i334,Ramicane,Female,8,20,10,41.63124731,0
1435,i334,Ramicane,Female,8,20,15,39.15800115,0
1436,i334,Ramicane,Female,8,20,20,39.687831700000004,0
1437,i334,Ramicane,Female,8,20,25,38.24881732,1
1438,i334,Ramicane,Female,8,20,30,39.00555435,1
1439,i334,Ramicane,Female,8,20,35,39.7695521,2
1440,i334,Ramicane,Female,8,20,40,40.44237037,2
1441,i334,Ramicane,Female,8,20,45,36.37451039,2
1442,q610,Ramicane,Female,18,21,0,45.0,0
1443,q610,Ramicane,Female,18,21,5,45.62949421,0
1444,q610,Ramicane,Female,18,21,10,44.99148471,0
1445,q610,Ramicane,Female,18,21,15,45.88902756,0
1446,q610,Ramicane,Female,18,21,20,46.58543347,0
1447,q610,Ramicane,Female,18,21,25,40.14645019,0
1448,q610,Ramicane,Female,18,21,30,40.66834256,1
1449,q610,Ramicane,Female,18,21,35,36.56165229,2
1450,d251,Ramicane,Female,8,19,0,45.0,0
1451,d251,Ramicane,Female,8,19,5,41.74635495,1
1452,d251,Ramicane,Female,8,19,10,42.43225791,1
1453,d251,Ramicane,Female,8,19,15,39.47278744,1
1454,d251,Ramicane,Female,8,19,20,37.65209085,1
1455,d251,Ramicane,Female,8,19,25,38.09751328,1
1456,d251,Ramicane,Female,8,19,30,38.71825638,2
1457,d251,Ramicane,Female,8,19,35,37.70852942,2
1458,d251,Ramicane,Female,8,19,40,38.26540379,2
1459,d251,Ramicane,Female,8,19,45,37.31123552,2
1460,c458,Ramicane,Female,23,20,0,45.0,0
1461,c458,Ramicane,Female,23,20,5,45.72227949,0
1462,c458,Ramicane,Female,23,20,10,44.45437828,1
1463,c458,Ramicane,Female,23,20,15,45.10742313,2
1464,c458,Ramicane,Female,23,20,20,39.50513508,2
1465,c458,Ramicane,Female,23,20,25,37.75314964,2
1466,c458,Ramicane,Female,23,20,30,38.34200823,2
1467,a411,Ramicane,Male,3,22,0,45.0,0
1468,a411,Ramicane,Male,3,22,5,45.46667714,0
1469,a411,Ramicane,Male,3,22,10,40.75978762,1
1470,a411,Ramicane,Male,3,22,15,41.48416885,1
1471,a411,Ramicane,Male,3,22,20,38.08737318,1
1472,a411,Ramicane,Male,3,22,25,38.701438399999994,1
1473,a411,Ramicane,Male,3,22,30,39.13073724,1
1474,a411,Ramicane,Male,3,22,35,39.71723589,1
1475,a411,Ramicane,Male,3,22,40,40.25881765,1
1476,a411,Ramicane,Male,3,22,45,38.407618299999996,1
1477,e662,Ramicane,Male,8,24,0,45.0,0
1478,e662,Ramicane,Male,8,24,5,45.81628252,0
1479,e662,Ramicane,Male,8,24,10,46.40908385,0
1480,e662,Ramicane,Male,8,24,15,43.55377339,0
1481,e662,Ramicane,Male,8,24,20,44.0012958,0
1482,e662,Ramicane,Male,8,24,25,44.66459432,1
1483,e662,Ramicane,Male,8,24,30,45.35023242,1
1484,e662,Ramicane,Male,8,24,35,43.22027636,1
1485,e662,Ramicane,Male,8,24,40,44.00672385,2
1486,e662,Ramicane,Male,8,24,45,40.65900627,2
1487,u196,Ramicane,Male,18,25,0,45.0,0
1488,u196,Ramicane,Male,18,25,5,45.55746444,1
1489,u196,Ramicane,Male,18,25,10,46.42294306,1
1490,u196,Ramicane,Male,18,25,15,47.22717065,1
1491,u196,Ramicane,Male,18,25,20,46.10536303,1
1492,u196,Ramicane,Male,18,25,25,46.70532539999999,1
1493,u196,Ramicane,Male,18,25,30,47.62281636,2
1494,u196,Ramicane,Male,18,25,35,47.00146542,2
1495,u196,Ramicane,Male,18,25,40,43.45368679,2
1496,u196,Ramicane,Male,18,25,45,40.66771292,3
1497,q597,Ramicane,Male,20,25,0,45.0,0
1498,q597,Ramicane,Male,20,25,5,45.76611104,0
1499,q597,Ramicane,Male,20,25,10,42.53798598,0
1500,q597,Ramicane,Male,20,25,15,41.39566036,0
1501,q597,Ramicane,Male,20,25,20,41.9255866,0
1502,q597,Ramicane,Male,20,25,25,42.57570709,1
1503,q597,Ramicane,Male,20,25,30,43.33916123,1
1504,q597,Ramicane,Male,20,25,35,43.80720142,1
1505,q597,Ramicane,Male,20,25,40,44.47182121,2
1506,q597,Ramicane,Male,20,25,45,45.22086888,2
1507,a444,Ramicane,Female,10,25,0,45.0,0
1508,a444,Ramicane,Female,10,25,5,44.00597487,0
1509,a444,Ramicane,Female,10,25,10,44.51255951,0
1510,a444,Ramicane,Female,10,25,15,43.00127957,0
1511,a444,Ramicane,Female,10,25,20,41.71461874,0
1512,a444,Ramicane,Female,10,25,25,42.29139437,0
1513,a444,Ramicane,Female,10,25,30,42.78627835,0
1514,a444,Ramicane,Female,10,25,35,41.73595083,0
1515,a444,Ramicane,Female,10,25,40,42.50492554,0
1516,a444,Ramicane,Female,10,25,45,43.04754260000001,0
1517,r921,Ramicane,Female,5,25,0,45.0,0
1518,r921,Ramicane,Female,5,25,5,45.56821083,0
1519,r921,Ramicane,Female,5,25,10,42.71192694,0
1520,r921,Ramicane,Female,5,25,15,43.52726054,0
1521,r921,Ramicane,Female,5,25,20,44.13631588,0
1522,r921,Ramicane,Female,5,25,25,42.65534089,1
1523,r921,Ramicane,Female,5,25,30,43.41938077,1
1524,w678,Ramicane,Female,5,24,0,45.0,0
1525,w678,Ramicane,Female,5,24,5,43.16637266,0
1526,y449,Ramicane,Male,19,24,0,45.0,0
1527,y449,Ramicane,Male,19,24,5,45.87754494,0
1528,y449,Ramicane,Male,19,24,10,46.37809248,0
1529,y449,Ramicane,Male,19,24,15,44.18345092,0
1530,a366,Stelasyn,Female,16,29,0,45.0,0
1531,a366,Stelasyn,Female,16,29,5,48.95136773,0
1532,a366,Stelasyn,Female,16,29,10,53.52399007,0
1533,a366,Stelasyn,Female,16,29,15,55.26558163,0
1534,a366,Stelasyn,Female,16,29,20,57.28598742,0
1535,a366,Stelasyn,Female,16,29,25,59.01172817,0
1536,a366,Stelasyn,Female,16,29,30,63.44068627,1
1537,a492,Stelasyn,Male,20,25,0,45.0,0
1538,a492,Stelasyn,Male,20,25,5,46.40914339,0
1539,a492,Stelasyn,Male,20,25,10,48.43219661,0
1540,a492,Stelasyn,Male,20,25,15,51.985262899999995,0
1541,a492,Stelasyn,Male,20,25,20,53.67719253,0
1542,a492,Stelasyn,Male,20,25,25,54.70122868,1
1543,a492,Stelasyn,Male,20,25,30,56.20104104,1
1544,a492,Stelasyn,Male,20,25,35,57.30855379,1
1545,a492,Stelasyn,Male,20,25,40,57.92849897,1
1546,a492,Stelasyn,Male,20,25,45,60.12201052,1
1547,a963,Stelasyn,Female,23,27,0,45.0,0
1548,a963,Stelasyn,Female,23,27,5,46.23350581,0
1549,a963,Stelasyn,Female,23,27,10,47.15052201,0
1550,a963,Stelasyn,Female,23,27,15,47.83685218,0
1551,a963,Stelasyn,Female,23,27,20,51.46373448,0
1552,a963,Stelasyn,Female,23,27,25,52.12980374,0
1553,a963,Stelasyn,Female,23,27,30,53.40166738,1
1554,a963,Stelasyn,Female,23,27,35,56.81397646,1
1555,a963,Stelasyn,Female,23,27,40,58.46378685,1
1556,a963,Stelasyn,Female,23,27,45,62.76509317,1
1557,b879,Stelasyn,Female,4,26,0,45.0,0
1558,b879,Stelasyn,Female,4,26,5,49.15615628,1
1559,b879,Stelasyn,Female,4,26,10,50.33894583,1
1560,b879,Stelasyn,Female,4,26,15,51.61838657,1
1561,b879,Stelasyn,Female,4,26,20,53.98343568,1
1562,b879,Stelasyn,Female,4,26,25,56.46998744,2
1563,b879,Stelasyn,Female,4,26,30,60.90761481,2
1564,b879,Stelasyn,Female,4,26,35,64.26088633,2
1565,b879,Stelasyn,Female,4,26,40,67.18912666,2
1566,b879,Stelasyn,Female,4,26,45,72.55523894,2
1567,c402,Stelasyn,Female,1,27,0,45.0,0
1568,c402,Stelasyn,Female,1,27,5,49.3426301,1
1569,c402,Stelasyn,Female,1,27,10,50.56689412,1
1570,c402,Stelasyn,Female,1,27,15,52.23071944,1
1571,c402,Stelasyn,Female,1,27,20,54.88332044,2
1572,c402,Stelasyn,Female,1,27,25,58.26988853,2
1573,c402,Stelasyn,Female,1,27,30,63.74319428,2
1574,c402,Stelasyn,Female,1,27,35,65.8079627,2
1575,c402,Stelasyn,Female,1,27,40,70.22229679,2
1576,c402,Stelasyn,Female,1,27,45,74.04039018,3
1577,f234,Stelasyn,Male,14,28,0,45.0,0
1578,f234,Stelasyn,Male,14,28,5,47.31349062,0
1579,f234,Stelasyn,Male,14,28,10,47.90432375,0
1580,f234,Stelasyn,Male,14,28,15,48.73519714,1
1581,f234,Stelasyn,Male,14,28,20,51.11271293,2
1582,f234,Stelasyn,Male,14,28,25,52.17860221,2
1583,f234,Stelasyn,Male,14,28,30,56.87381654,2
1584,f234,Stelasyn,Male,14,28,35,57.74875831,2
1585,g867,Stelasyn,Female,9,25,0,45.0,0
1586,g867,Stelasyn,Female,9,25,5,46.88074916,0
1587,g867,Stelasyn,Female,9,25,10,48.18340167,0
1588,g867,Stelasyn,Female,9,25,15,51.06041924,1
1589,h333,Stelasyn,Male,21,27,0,45.0,0
1590,h333,Stelasyn,Male,21,27,5,45.75172728,0
1591,h333,Stelasyn,Male,21,27,10,46.23384414,1
1592,h333,Stelasyn,Male,21,27,15,50.69260358,2
1593,h333,Stelasyn,Male,21,27,20,51.99780618,2
1594,h333,Stelasyn,Male,21,27,25,53.73091434,2
1595,h333,Stelasyn,Male,21,27,30,55.45528975,2
1596,i901,Stelasyn,Male,23,29,0,45.0,0
1597,i901,Stelasyn,Male,23,29,5,46.49302392,0
1598,i901,Stelasyn,Male,23,29,10,50.42124982,0
1599,i901,Stelasyn,Male,23,29,15,51.41964239,0
1600,i901,Stelasyn,Male,23,29,20,55.97440502,0
1601,i901,Stelasyn,Male,23,29,25,56.575194999999994,0
1602,i901,Stelasyn,Male,23,29,30,60.59185755,0
1603,i901,Stelasyn,Male,23,29,35,62.12733561,0
1604,i901,Stelasyn,Male,23,29,40,64.30345451,0
1605,i901,Stelasyn,Male,23,29,45,65.34181087,0
1606,j984,Stelasyn,Female,2,30,0,45.0,0
1607,j984,Stelasyn,Female,2,30,5,48.41072109,1
1608,j984,Stelasyn,Female,2,30,10,50.14108401,1
1609,j984,Stelasyn,Female,2,30,15,51.16675687,1
1610,j984,Stelasyn,Female,2,30,20,54.37251567,1
1611,j984,Stelasyn,Female,2,30,25,57.06435479,1
1612,j984,Stelasyn,Female,2,30,30,61.24050573,1
1613,j984,Stelasyn,Female,2,30,35,64.05539896,1
1614,j984,Stelasyn,Female,2,30,40,67.77708036,1
1615,j984,Stelasyn,Female,2,30,45,70.65383162,1
1616,k510,Stelasyn,Female,8,27,0,45.0,0
1617,k510,Stelasyn,Female,8,27,5,46.608467100000006,0
1618,k510,Stelasyn,Female,8,27,10,47.65824979999999,1
1619,k510,Stelasyn,Female,8,27,15,49.687051700000005,1
1620,k510,Stelasyn,Female,8,27,20,52.10557382,1
1621,k862,Stelasyn,Female,13,25,0,45.0,0
1622,k862,Stelasyn,Female,13,25,5,49.20305786,0
1623,k862,Stelasyn,Female,13,25,10,50.52355007,1
1624,k862,Stelasyn,Female,13,25,15,54.47453362,1
1625,k862,Stelasyn,Female,13,25,20,57.05784818,1
1626,k862,Stelasyn,Female,13,25,25,58.7192973,2
1627,k862,Stelasyn,Female,13,25,30,60.60543979,3
1628,k862,Stelasyn,Female,13,25,35,66.58072244,3
1629,k862,Stelasyn,Female,13,25,40,67.57134128,4
1630,k862,Stelasyn,Female,13,25,45,69.29914907,4
1631,m269,Stelasyn,Female,22,28,0,45.0,0
1632,m269,Stelasyn,Female,22,28,5,49.011180100000004,0
1633,m269,Stelasyn,Female,22,28,10,50.86013006,0
1634,m269,Stelasyn,Female,22,28,15,55.9053436,0
1635,m269,Stelasyn,Female,22,28,20,61.14586638,0
1636,m269,Stelasyn,Female,22,28,25,64.89301976,0
1637,m269,Stelasyn,Female,22,28,30,67.71250988,1
1638,m269,Stelasyn,Female,22,28,35,68.68991735,1
1639,m269,Stelasyn,Female,22,28,40,70.21464419,1
1640,m269,Stelasyn,Female,22,28,45,75.12368955,1
1641,o848,Stelasyn,Female,14,27,0,45.0,0
1642,p387,Stelasyn,Male,3,30,0,45.0,0
1643,p387,Stelasyn,Male,3,30,5,48.66763075,0
1644,p387,Stelasyn,Male,3,30,10,53.36296294,0
1645,p387,Stelasyn,Male,3,30,15,55.25138033,0
1646,p387,Stelasyn,Male,3,30,20,56.58761679999999,0
1647,p387,Stelasyn,Male,3,30,25,58.09848946,0
1648,p387,Stelasyn,Male,3,30,30,63.26924552,0
1649,p387,Stelasyn,Male,3,30,35,66.4922038,1
1650,p387,Stelasyn,Male,3,30,40,69.03887618,1
1651,p981,Stelasyn,Male,20,29,0,45.0,0
1652,p981,Stelasyn,Male,20,29,5,47.00062717,0
1653,p981,Stelasyn,Male,20,29,10,47.54584585,0
1654,p981,Stelasyn,Male,20,29,15,49.65770973,0
1655,p981,Stelasyn,Male,20,29,20,50.35806947,0
1656,p981,Stelasyn,Male,20,29,25,52.5447048,1
1657,p981,Stelasyn,Male,20,29,30,56.33910432,1
1658,p981,Stelasyn,Male,20,29,35,59.13102297,1
1659,s565,Stelasyn,Female,3,29,0,45.0,0
1660,s565,Stelasyn,Female,3,29,5,48.24255218,0
1661,s565,Stelasyn,Female,3,29,10,52.77752710000001,0
1662,s565,Stelasyn,Female,3,29,15,54.32831664,1
1663,s565,Stelasyn,Female,3,29,20,57.04618912,1
1664,s565,Stelasyn,Female,3,29,25,58.55361079,1
1665,s565,Stelasyn,Female,3,29,30,63.66896678,1
1666,s565,Stelasyn,Female,3,29,35,64.77657909,2
1667,s565,Stelasyn,Female,3,29,40,67.22100698,2
1668,s565,Stelasyn,Female,3,29,45,72.58896447,2
1669,s619,Stelasyn,Male,22,30,0,45.0,0
1670,s619,Stelasyn,Male,22,30,5,46.60226878,0
1671,t451,Stelasyn,Male,8,29,0,45.0,0
1672,t451,Stelasyn,Male,8,29,5,48.04713882,0
1673,t451,Stelasyn,Male,8,29,10,48.95791906,0
1674,t451,Stelasyn,Male,8,29,15,49.65278772,0
1675,t451,Stelasyn,Male,8,29,20,51.06367793,0
1676,t451,Stelasyn,Male,8,29,25,55.52755345,0
1677,t451,Stelasyn,Male,8,29,30,59.27582268,0
1678,t451,Stelasyn,Male,8,29,35,63.75698964,0
1679,t451,Stelasyn,Male,8,29,40,67.65479599,1
1680,t451,Stelasyn,Male,8,29,45,68.7116302,1
1681,v764,Stelasyn,Female,5,30,0,45.0,0
1682,v764,Stelasyn,Female,5,30,5,47.05418474,0
1683,v764,Stelasyn,Female,5,30,10,48.18900062,1
1684,v764,Stelasyn,Female,5,30,15,49.41262418,2
1685,w540,Stelasyn,Female,8,26,0,45.0,0
1686,w540,Stelasyn,Female,8,26,5,45.88537038,1
1687,w540,Stelasyn,Female,8,26,10,47.45906658,1
1688,w540,Stelasyn,Female,8,26,15,48.25014636,2
1689,w540,Stelasyn,Female,8,26,20,50.67272745,2
1690,w540,Stelasyn,Female,8,26,25,52.60026955,2
1691,w697,Stelasyn,Female,14,30,0,45.0,0
1692,w697,Stelasyn,Female,14,30,5,48.30182261,1
1693,w697,Stelasyn,Female,14,30,10,48.925056,2
1694,w697,Stelasyn,Female,14,30,15,52.65726519,2
1695,w697,Stelasyn,Female,14,30,20,54.22809098,3
1696,w697,Stelasyn,Female,14,30,25,57.610394299999996,3
1697,w697,Stelasyn,Female,14,30,30,60.72063591,3
1698,w697,Stelasyn,Female,14,30,35,63.68904216,3
1699,x402,Stelasyn,Male,21,28,0,45.0,0
1700,x402,Stelasyn,Male,21,28,5,46.32757027,1
1701,x402,Stelasyn,Male,21,28,10,46.88696249,1
1702,x402,Stelasyn,Male,21,28,15,49.11994779999999,1
1703,x402,Stelasyn,Male,21,28,20,50.41475041,2
1704,x402,Stelasyn,Male,21,28,25,52.43173664,2
1705,x402,Stelasyn,Male,21,28,30,54.35158463,3
1706,x402,Stelasyn,Male,21,28,35,55.24096223,3
1707,x402,Stelasyn,Male,21,28,40,56.69172294,3
1708,x402,Stelasyn,Male,21,28,45,61.61960615,3
1709,z314,Stelasyn,Female,21,28,0,45.0,0
1710,z314,Stelasyn,Female,21,28,5,45.93471217,0
1711,a401,Zoniferol,Female,8,25,0,45.0,0
1712,a401,Zoniferol,Female,8,25,5,46.11198591,0
1713,a401,Zoniferol,Female,8,25,10,47.7259374,1
1714,a401,Zoniferol,Female,8,25,15,49.93472542,1
1715,a401,Zoniferol,Female,8,25,20,52.20451136,2
1716,a401,Zoniferol,Female,8,25,25,54.20983551,3
1717,a401,Zoniferol,Female,8,25,30,55.91016159,3
1718,a401,Zoniferol,Female,8,25,35,60.34714467,3
1719,a401,Zoniferol,Female,8,25,40,61.76860538,4
1720,a401,Zoniferol,Female,8,25,45,66.79415599,4
1721,a788,Zoniferol,Male,5,30,0,45.0,0
1722,a788,Zoniferol,Male,5,30,5,47.00658024,0
1723,a788,Zoniferol,Male,5,30,10,50.15972132,1
1724,a788,Zoniferol,Male,5,30,15,52.53994926,1
1725,a788,Zoniferol,Male,5,30,20,54.06098332,1
1726,a788,Zoniferol,Male,5,30,25,56.770280299999996,1
1727,a788,Zoniferol,Male,5,30,30,60.41370908,1
1728,b313,Zoniferol,Male,12,27,0,45.0,0
1729,b313,Zoniferol,Male,12,27,5,47.15443254,0
1730,b313,Zoniferol,Male,12,27,10,48.31937218,1
1731,b313,Zoniferol,Male,12,27,15,49.18838735,1
1732,b313,Zoniferol,Male,12,27,20,53.979679700000005,1
1733,b313,Zoniferol,Male,12,27,25,55.74514628,1
1734,c264,Zoniferol,Female,11,27,0,45.0,0
1735,c264,Zoniferol,Female,11,27,5,45.79170389,0
1736,c264,Zoniferol,Female,11,27,10,49.02659196,0
1737,c264,Zoniferol,Female,11,27,15,53.66494165,1
1738,c264,Zoniferol,Female,11,27,20,54.568195700000004,1
1739,c264,Zoniferol,Female,11,27,25,56.96676876,2
1740,c264,Zoniferol,Female,11,27,30,57.82391556,2
1741,c264,Zoniferol,Female,11,27,35,61.07479506,2
1742,c264,Zoniferol,Female,11,27,40,65.70832272,2
1743,c264,Zoniferol,Female,11,27,45,67.94212107,2
1744,c302,Zoniferol,Female,10,29,0,45.0,0
1745,c302,Zoniferol,Female,10,29,5,47.69067986,1
1746,c302,Zoniferol,Female,10,29,10,48.53356704,1
1747,c302,Zoniferol,Female,10,29,15,52.71663459,2
1748,c302,Zoniferol,Female,10,29,20,54.08090836,3
1749,c302,Zoniferol,Female,10,29,25,55.07622853,3
1750,c302,Zoniferol,Female,10,29,30,57.41974389,3
1751,c302,Zoniferol,Female,10,29,35,62.23657157,3
1752,c302,Zoniferol,Female,10,29,40,63.28107148,4
1753,c302,Zoniferol,Female,10,29,45,64.57522157,4
1754,c559,Zoniferol,Female,19,28,0,45.0,0
1755,c559,Zoniferol,Female,19,28,5,46.56263793,0
1756,c559,Zoniferol,Female,19,28,10,47.29326012,0
1757,c559,Zoniferol,Female,19,28,15,51.41490358,1
1758,c559,Zoniferol,Female,19,28,20,52.60436695,2
1759,c559,Zoniferol,Female,19,28,25,54.55544168,2
1760,c559,Zoniferol,Female,19,28,30,57.14614388,2
1761,c559,Zoniferol,Female,19,28,35,59.45504074,2
1762,c559,Zoniferol,Female,19,28,40,60.86184431,3
1763,c559,Zoniferol,Female,19,28,45,61.84005842,4
1764,d133,Zoniferol,Male,5,30,0,45.0,0
1765,d164,Zoniferol,Male,21,28,0,45.0,0
1766,d164,Zoniferol,Male,21,28,5,46.61767061,0
1767,d164,Zoniferol,Male,21,28,10,47.47464468,1
1768,f129,Zoniferol,Female,11,29,0,45.0,0
1769,f129,Zoniferol,Female,11,29,5,47.00059399,0
1770,f129,Zoniferol,Female,11,29,10,48.17971908,1
1771,f129,Zoniferol,Female,11,29,15,49.98830246,1
1772,f394,Zoniferol,Male,19,30,0,45.0,0
1773,f394,Zoniferol,Male,19,30,5,47.03309963,0
1774,f545,Zoniferol,Female,20,26,0,45.0,0
1775,f545,Zoniferol,Female,20,26,5,46.56581263,0
1776,f545,Zoniferol,Female,20,26,10,51.07251225,0
1777,f545,Zoniferol,Female,20,26,15,53.94554429,1
1778,f545,Zoniferol,Female,20,26,20,58.84118888,1
1779,f545,Zoniferol,Female,20,26,25,60.25348139,1
1780,f545,Zoniferol,Female,20,26,30,65.89398607,1
1781,f545,Zoniferol,Female,20,26,35,66.74292417,1
1782,f545,Zoniferol,Female,20,26,40,71.10811835,1
1783,f545,Zoniferol,Female,20,26,45,73.32443228,1
1784,g296,Zoniferol,Female,14,29,0,45.0,0
1785,g296,Zoniferol,Female,14,29,5,46.59323337,0
1786,g296,Zoniferol,Female,14,29,10,48.26950861,0
1787,g296,Zoniferol,Female,14,29,15,49.65324404,1
1788,g296,Zoniferol,Female,14,29,20,51.4471183,2
1789,g296,Zoniferol,Female,14,29,25,55.6701066,3
1790,g296,Zoniferol,Female,14,29,30,57.99770642,3
1791,g296,Zoniferol,Female,14,29,35,60.38451978,4
1792,g296,Zoniferol,Female,14,29,40,62.22191493,4
1793,g296,Zoniferol,Female,14,29,45,68.16319517,4
1794,j365,Zoniferol,Male,24,28,0,45.0,0
1795,j365,Zoniferol,Male,24,28,5,46.7112611,0
1796,j365,Zoniferol,Male,24,28,10,48.34932028,0
1797,j365,Zoniferol,Male,24,28,15,49.58826336,0
1798,j365,Zoniferol,Male,24,28,20,50.93935278,1
1799,j365,Zoniferol,Male,24,28,25,51.810320399999995,1
1800,j365,Zoniferol,Male,24,28,30,54.40488176,1
1801,j365,Zoniferol,Male,24,28,35,56.96120016,2
1802,j365,Zoniferol,Male,24,28,40,62.32717066,2
1803,j365,Zoniferol,Male,24,28,45,64.29408493,2
1804,k754,Zoniferol,Female,8,26,0,45.0,0
1805,k754,Zoniferol,Female,8,26,5,45.7277604,0
1806,k754,Zoniferol,Female,8,26,10,49.74611666,0
1807,k754,Zoniferol,Female,8,26,15,51.32356994,0
1808,k754,Zoniferol,Female,8,26,20,52.69342276,1
1809,k894,Zoniferol,Female,13,29,0,45.0,0
1810,k894,Zoniferol,Female,13,29,5,47.64568674,0
1811,k894,Zoniferol,Female,13,29,10,49.27287011,1
1812,k894,Zoniferol,Female,13,29,15,49.987765700000004,1
1813,k894,Zoniferol,Female,13,29,20,50.98163936,1
1814,k894,Zoniferol,Female,13,29,25,52.32583833,2
1815,k894,Zoniferol,Female,13,29,30,54.40012279,3
1816,k894,Zoniferol,Female,13,29,35,55.36266238,4
1817,k894,Zoniferol,Female,13,29,40,58.64705616,4
1818,k894,Zoniferol,Female,13,29,45,60.75270417,4
1819,m331,Zoniferol,Female,19,26,0,45.0,0
1820,m331,Zoniferol,Female,19,26,5,45.52301371,1
1821,m331,Zoniferol,Female,19,26,10,47.64687735,1
1822,m331,Zoniferol,Female,19,26,15,52.11008758,1
1823,n967,Zoniferol,Male,11,27,0,45.0,0
1824,n967,Zoniferol,Male,11,27,5,46.07719173,1
1825,n967,Zoniferol,Male,11,27,10,47.47172327,1
1826,n967,Zoniferol,Male,11,27,15,49.82500362,1
1827,o926,Zoniferol,Male,15,29,0,45.0,0
1828,o926,Zoniferol,Male,15,29,5,46.76116373,0
1829,o926,Zoniferol,Male,15,29,10,47.56567364,1
1830,o926,Zoniferol,Male,15,29,15,48.25424839,1
1831,o926,Zoniferol,Male,15,29,20,51.82663825,2
1832,o926,Zoniferol,Male,15,29,25,54.76333852,3
1833,o926,Zoniferol,Male,15,29,30,56.91739838,3
1834,o926,Zoniferol,Male,15,29,35,58.59399318,3
1835,o926,Zoniferol,Male,15,29,40,59.90304448,3
1836,o926,Zoniferol,Male,15,29,45,62.32796606,4
1837,p136,Zoniferol,Female,5,28,0,45.0,0
1838,p136,Zoniferol,Female,5,28,5,49.27397096,0
1839,p136,Zoniferol,Female,5,28,10,50.90789028,0
1840,p136,Zoniferol,Female,5,28,15,51.99141616,1
1841,p136,Zoniferol,Female,5,28,20,54.91379857,1
1842,p136,Zoniferol,Female,5,28,25,56.28147652,1
1843,p136,Zoniferol,Female,5,28,30,57.05280546,1
1844,p136,Zoniferol,Female,5,28,35,57.63078195,1
1845,p136,Zoniferol,Female,5,28,40,61.38024887,1
1846,p136,Zoniferol,Female,5,28,45,63.48869678,2
1847,q511,Zoniferol,Female,2,28,0,45.0,0
1848,q511,Zoniferol,Female,2,28,5,45.83265378,0
1849,q511,Zoniferol,Female,2,28,10,50.31164687,0
1850,q511,Zoniferol,Female,2,28,15,52.13308139,0
1851,q511,Zoniferol,Female,2,28,20,52.67271205,0
1852,q511,Zoniferol,Female,2,28,25,57.25758287,0
1853,q511,Zoniferol,Female,2,28,30,59.3643535,1
1854,q511,Zoniferol,Female,2,28,35,60.83866059,1
1855,q511,Zoniferol,Female,2,28,40,63.19442807,2
1856,q511,Zoniferol,Female,2,28,45,68.61106075,3
1857,q633,Zoniferol,Male,12,25,0,45.0,0
1858,q633,Zoniferol,Male,12,25,5,47.18380215,0
1859,q633,Zoniferol,Male,12,25,10,49.00186559,0
1860,q633,Zoniferol,Male,12,25,15,50.583557299999995,1
1861,q633,Zoniferol,Male,12,25,20,53.28728681,1
1862,q633,Zoniferol,Male,12,25,25,55.6831017,1
1863,q633,Zoniferol,Male,12,25,30,58.05725257,1
1864,q633,Zoniferol,Male,12,25,35,63.1256593,1
1865,q633,Zoniferol,Male,12,25,40,68.49863876,2
1866,q633,Zoniferol,Male,12,25,45,70.82779631,2
1867,s337,Zoniferol,Male,14,27,0,45.0,0
1868,s337,Zoniferol,Male,14,27,5,46.84985157,0
1869,s337,Zoniferol,Male,14,27,10,47.8944415,0
1870,s337,Zoniferol,Male,14,27,15,48.57151582,0
1871,s337,Zoniferol,Male,14,27,20,49.20205408,1
1872,s337,Zoniferol,Male,14,27,25,50.9706889,2
1873,s337,Zoniferol,Male,14,27,30,52.74771768,3
1874,s337,Zoniferol,Male,14,27,35,54.81081251,3
1875,s337,Zoniferol,Male,14,27,40,56.99481589,4
1876,s337,Zoniferol,Male,14,27,45,62.10965102,4
1877,w140,Zoniferol,Female,19,30,0,45.0,0
1878,w140,Zoniferol,Female,19,30,5,47.71795156,0
1879,w575,Zoniferol,Female,16,28,0,45.0,0
1880,w575,Zoniferol,Female,16,28,5,48.91385977,1
1881,w575,Zoniferol,Female,16,28,10,50.13595547,1
1882,w575,Zoniferol,Female,16,28,15,50.86745176,1
1883,w575,Zoniferol,Female,16,28,20,55.5918155,1
1884,w575,Zoniferol,Female,16,28,25,58.58732169,1
1885,w575,Zoniferol,Female,16,28,30,60.15306524,1
1886,w575,Zoniferol,Female,16,28,35,63.68644503,2
1887,w575,Zoniferol,Female,16,28,40,64.93840621,3
1888,w575,Zoniferol,Female,16,28,45,68.40128593,3
1889,x613,Zoniferol,Female,2,29,0,45.0,0
1890,x613,Zoniferol,Female,2,29,5,46.09704058,0
1891,x613,Zoniferol,Female,2,29,10,46.81817589999999,0
1892,x613,Zoniferol,Female,2,29,15,48.0776464,0
